ID;CQ1;CQ2;CQ3;TIME;Q1;Q2;Q3;Q4;Q5;Q6;Q7;Q8;Q9;Q10;Q11;Q12;Q13;Q14;Q15;Q16;Q17;Q18;Q19;Q20;Q21;Q22;Q23;Q24;Q25;Q26
10441016017;1;1;1;1200;5;5;5;5;3;4;4;1;5;5;3;5;5;4;5;5;4;4;4;2;2;5;5;2;2;4
10440981694;1;1;1;1320;3;4;4;4;3;4;3;2;4;3;3;3;3;3;4;3;3;3;4;3;3;3;3;2;2;4
10440601239;1;1;1;960;1;1;3;4;1;1;1;1;1;1;2;1;2;1;1;5;5;5;5;3;2;3;3;3;3;2
10440562981;1;1;1;1260;4;4;4;5;3;3;3;2;2;3;3;3;4;4;5;5;5;5;5;5;5;5;5;4;4;5
10440358563;1;1;1;1140;3;4;5;5;3;5;5;2;3;5;3;3;3;2;5;5;5;5;5;5;5;5;2;2;3;5
10440199369;1;1;1;1140;4;4;5;5;3;4;4;4;4;4;4;3;3;3;5;4;4;4;4;4;4;4;4;4;4;4
10438952564;1;1;1;540;3;4;5;4;3;3;2;4;3;2;2;3;4;3;5;3;4;3;2;4;2;2;2;2;2;4
10438951127;1;1;1;1080;4;4;5;5;3;4;3;4;4;4;3;3;4;5;5;3;5;4;3;4;3;3;4;5;5;3
10438633244;NA;NA;NA;1380;2;2;2;2;1;4;2;2;3;2;3;2;3;2;1;2;2;2;3;3;2;3;3;2;3;5
10438605204;1;1;1;660;5;5;4;5;4;4;4;3;3;4;5;5;5;4;5;5;5;5;5;4;4;4;5;4;4;4
10438555688;1;1;1;1620;4;4;3;3;3;5;3;2;3;4;4;3;3;4;5;3;4;4;4;4;2;4;5;2;3;4
10438426616;1;1;1;480;3;NA;4;4;4;3;2;3;3;2;2;3;3;4;3;2;2;2;2;3;4;3;3;3;3;3
10438410747;1;1;1;720;4;4;4;4;4;3;4;3;4;3;4;3;4;3;4;5;4;4;4;3;4;2;4;2;3;5
10438330592;1;1;1;1620;2;1;3;4;1;4;2;3;1;2;1;3;3;4;4;2;2;2;2;3;2;3;4;4;3;4
10438253840;1;1;1;960;4;4;3;4;3;4;3;2;2;3;3;3;3;3;3;2;3;3;3;2;2;2;4;4;2;3
10438244838;1;1;1;960;5;5;5;4;4;5;4;2;3;5;5;4;5;5;5;5;5;5;5;5;5;4;4;5;5;4
10437932648;1;1;1;780;4;4;4;4;3;3;3;4;4;4;3;4;3;3;4;4;4;4;3;3;3;4;4;4;4;4
10437851519;1;1;1;780;5;4;4;5;5;5;4;3;4;5;5;4;4;3;5;3;4;5;4;4;4;4;5;3;4;4
10437739424;1;1;1;720;4;4;4;4;3;4;2;3;2;3;3;3;2;2;4;4;4;4;5;3;4;3;4;4;4;3
10437660060;1;1;1;960;4;4;3;5;4;4;3;3;3;4;4;4;4;4;4;4;4;4;5;5;4;5;5;4;4;5
10437406920;1;1;1;840;4;5;5;5;3;3;4;2;2;4;4;4;3;3;4;3;4;4;3;3;4;3;4;4;3;4
10437107325;1;1;1;1680;3;2;3;4;2;3;3;1;3;3;3;2;1;1;4;3;3;3;3;3;2;2;2;3;2;3
10436574123;1;1;1;1080;4;3;2;3;3;1;4;3;2;3;4;3;5;2;3;2;3;3;2;5;5;3;4;4;4;4
10436558733;1;1;1;600;4;3;2;3;4;5;3;2;4;3;3;3;3;3;5;3;4;4;4;3;4;4;5;3;4;4
10436460608;1;1;1;600;4;2;5;4;4;4;4;3;5;4;4;5;5;5;5;5;3;3;3;3;4;5;5;5;5;4
10436314320;1;1;1;1020;3;3;5;5;3;4;4;2;3;3;3;3;3;5;5;4;4;2;2;2;2;2;3;3;3;4
10436225280;1;1;0;2460;5;5;5;5;4;4;4;5;3;5;3;5;5;5;5;5;5;5;5;5;3;5;5;3;5;5
10436203464;1;1;1;10920;4;5;5;5;4;4;5;4;4;5;5;5;5;4;5;5;5;5;5;5;4;4;5;4;5;5
10436156058;1;1;1;720;2;5;1;2;1;1;2;3;2;1;2;1;4;1;1;2;2;3;2;2;2;2;3;3;2;3
10436150258;1;1;1;1080;2;3;3;4;2;1;2;2;1;1;1;1;2;2;3;3;4;5;3;3;3;3;2;2;3;3
10435879845;1;1;1;1200;4;4;5;5;2;4;4;3;4;4;4;4;4;3;4;3;4;4;4;3;3;3;3;4;4;4
10435863659;1;1;1;2340;3;4;4;5;2;3;4;3;3;3;4;3;4;3;5;4;4;5;3;4;3;3;2;4;3;4
10435630308;1;1;0;600;5;4;5;5;4;4;4;2;3;3;3;3;4;3;5;3;3;4;5;4;5;3;5;2;5;4
10435527041;1;1;1;660;5;2;2;1;3;5;1;3;1;3;5;5;5;3;5;3;5;3;3;3;5;5;5;5;5;2
10435406111;1;1;1;1140;3;4;4;3;3;4;3;3;4;4;3;3;4;4;5;3;4;4;3;3;2;3;4;4;4;4
10435354106;1;1;1;660;5;5;4;4;4;4;4;4;4;5;5;4;4;5;5;2;4;5;5;4;5;4;3;5;4;5
10435336690;1;1;1;1200;2;2;5;4;2;4;4;2;2;3;5;2;3;2;4;3;3;3;3;4;4;4;3;2;5;4
10435179651;1;1;1;1500;3;3;3;3;3;3;4;2;3;3;3;4;4;3;4;3;4;4;4;4;4;4;3;3;3;5
10435102033;1;1;1;720;3;4;5;5;2;2;5;4;2;4;4;3;5;1;5;5;5;5;3;2;2;3;3;4;4;3
10435043872;1;1;1;900;4;4;4;5;3;4;4;2;3;4;3;4;4;4;5;4;4;4;4;3;3;3;4;3;3;4
10435010223;1;1;1;720;4;4;4;2;4;4;4;2;3;3;4;5;5;5;5;2;4;4;4;4;3;3;5;3;4;4
10434768498;1;NA;1;600;4;4;4;4;3;4;4;4;4;4;4;3;4;4;4;4;5;4;4;4;4;5;5;4;5;5
10434726796;1;1;1;1560;4;4;4;5;2;4;4;2;3;4;4;5;4;5;4;4;4;4;4;4;4;4;4;4;4;4
10434724546;1;1;1;1680;5;4;5;3;4;4;4;3;3;4;4;3;4;4;5;4;4;4;3;3;3;3;4;3;3;4
10434392442;1;1;1;480;4;3;5;5;4;4;4;2;3;4;3;3;4;4;5;4;4;4;4;4;4;3;3;5;4;4
10434365604;1;1;1;720;4;4;5;4;3;4;3;4;3;5;4;5;4;2;5;2;2;3;4;2;5;2;2;4;4;4
10434217408;1;1;1;780;4;4;5;5;4;4;3;1;3;4;4;4;3;4;4;2;4;4;4;4;4;3;5;5;3;4
10434137035;1;1;1;1200;4;2;4;5;3;4;5;4;3;3;3;4;5;3;4;2;4;4;4;4;4;5;5;5;5;4
10434060438;1;1;1;780;4;4;5;5;2;5;4;1;3;4;3;2;5;1;4;3;2;4;4;4;3;4;4;3;3;4
10434015442;1;1;1;2340;5;5;3;4;5;5;5;5;2;4;5;4;3;4;5;4;3;3;5;5;4;5;5;4;5;4
10433972348;1;1;1;1560;4;4;5;5;4;5;4;4;4;5;5;5;5;4;5;5;5;5;5;4;4;4;4;4;4;5
10433935087;1;1;1;600;NA;2;3;2;3;3;3;3;3;3;3;2;3;3;4;2;2;3;2;2;3;3;3;3;3;2
10433882609;1;1;1;1380;4;4;4;4;4;4;3;3;4;4;4;3;4;4;4;3;4;4;4;3;3;3;4;4;4;4
10433817526;1;1;1;1200;4;3;4;4;3;4;3;2;3;3;3;3;3;2;5;2;4;4;3;2;2;2;2;2;3;4
10433355776;1;1;1;1560;4;5;4;4;4;5;4;4;3;3;4;3;3;4;5;4;4;5;5;5;2;4;4;2;4;5
10433307352;1;1;1;660;2;3;4;5;3;5;3;4;4;4;3;1;3;2;4;2;2;3;3;3;4;2;3;2;2;4
10433188613;1;1;1;1380;3;4;4;4;3;4;4;3;3;4;4;2;3;3;5;5;4;4;3;4;5;3;3;2;4;4
10433123998;1;1;1;720;4;3;3;3;4;4;3;3;4;3;2;3;3;3;3;2;3;3;4;3;2;3;4;4;5;3
10433051610;1;1;1;600;4;4;4;4;2;3;2;3;1;4;3;3;4;2;5;4;4;4;3;2;3;2;2;3;3;4
10433008526;1;1;1;6780;4;3;4;4;3;4;3;3;3;3;2;3;4;3;3;2;2;2;3;3;3;3;4;3;3;3
10432933955;1;1;1;720;5;4;4;3;5;5;5;5;4;5;5;5;5;5;5;5;4;4;5;3;2;3;2;3;3;4
10432870055;1;1;1;1260;4;3;4;4;3;2;3;3;4;3;5;4;4;3;4;4;3;3;3;4;4;4;5;5;5;1
10432817924;1;1;1;1680;4;4;4;4;3;5;4;3;3;4;4;3;3;2;4;3;4;4;4;3;4;3;4;4;4;4
10432791956;1;1;1;1260;2;4;4;2;2;4;5;1;3;5;4;3;4;3;2;4;4;4;4;2;4;2;2;2;2;5
10432778225;1;1;1;480;3;3;5;5;4;3;3;3;3;3;3;3;3;3;5;4;4;4;4;4;4;4;4;4;4;5
10432776660;1;1;1;660;4;4;5;5;4;4;4;4;4;4;4;4;4;4;4;4;4;4;4;4;4;4;4;4;4;5
10432736829;1;1;1;1620;4;2;3;2;4;4;2;2;4;3;1;1;4;3;5;4;3;3;3;3;3;3;4;2;4;3
10432735450;1;1;1;4500;5;5;5;5;4;5;4;5;4;4;5;5;4;4;5;4;4;4;4;5;5;4;4;5;5;5
10432729612;1;1;1;960;4;4;3;3;2;4;4;3;4;3;4;2;4;2;3;2;2;2;2;4;3;5;4;3;2;3
10432696146;1;1;1;78960;3;3;4;4;3;4;3;2;3;4;4;2;4;3;4;4;3;4;3;4;2;4;4;4;3;5
10432626890;1;0;1;660;4;4;4;4;4;5;4;4;4;4;4;4;4;4;4;4;4;4;4;4;3;4;4;4;3;4
10432613091;1;0;1;600;5;4;4;5;5;5;5;3;4;5;5;5;5;5;5;4;5;5;5;4;5;5;4;5;4;4
10432606334;1;1;1;1320;4;4;5;4;3;4;4;3;4;4;5;2;3;4;5;5;4;4;5;3;2;4;5;4;5;5
10432517607;1;1;1;900;4;3;5;5;NA;4;3;2;4;3;5;2;4;3;5;3;3;5;3;5;5;5;5;3;2;4
10432516145;1;1;1;1320;5;5;5;5;3;4;4;1;4;5;4;5;5;4;5;5;5;5;5;4;5;5;5;4;5;5
10432504217;1;1;1;960;4;3;4;4;2;3;2;3;2;3;3;3;4;3;5;4;3;3;3;2;3;2;5;4;4;4
10432501269;1;1;1;960;3;5;5;3;2;4;3;4;3;4;3;5;4;2;5;4;4;4;3;2;2;3;5;5;5;4
10432460605;1;1;1;960;3;1;4;4;3;4;3;2;3;3;4;2;4;4;5;2;2;2;2;5;2;3;3;4;3;3
10432368808;1;1;1;600;4;3;5;5;4;5;3;3;5;4;5;2;3;4;5;4;3;2;2;3;3;2;4;4;3;4
10432338283;1;1;1;720;5;4;5;4;3;5;4;3;4;4;4;3;5;4;5;4;4;4;4;4;4;3;4;4;4;4
10432307861;1;1;1;780;2;1;4;4;2;3;1;2;2;2;4;2;2;3;3;3;2;2;2;3;2;2;3;3;3;2
10432307052;1;1;1;780;4;5;5;5;3;4;5;2;3;5;5;3;4;3;5;4;5;5;4;4;4;4;5;2;4;4
10432195786;1;1;1;660;4;4;5;5;3;4;3;2;4;3;5;3;4;3;5;2;3;3;3;3;4;3;2;2;4;4
10432157506;1;1;1;1800;3;4;4;4;3;3;2;2;3;3;4;3;3;3;4;3;3;4;4;4;3;3;3;4;3;4
10432155626;1;1;1;780;4;5;3;5;3;4;4;4;3;3;2;3;4;3;4;2;3;3;3;4;2;3;2;4;3;4
10432119400;1;1;1;2340;4;4;5;3;4;4;4;2;3;4;4;3;4;4;5;5;5;5;5;4;4;4;4;3;3;4
10432081764;1;1;1;600;4;4;3;4;4;3;3;3;4;3;4;3;4;3;5;2;3;3;3;3;3;4;5;4;5;4
10432065931;1;1;1;1260;4;4;4;5;3;4;3;2;3;4;4;2;3;3;5;2;3;4;2;2;4;3;2;5;2;4
10432065836;1;0;1;600;3;3;4;3;3;4;4;2;3;4;5;3;3;2;4;4;4;4;4;3;3;3;4;2;4;3
10431996089;1;1;1;840;4;4;5;5;3;4;3;4;4;3;4;4;4;3;4;2;4;5;4;2;2;4;5;5;5;3
10431823143;1;1;1;540;4;4;4;4;4;4;4;2;4;4;4;4;4;3;5;4;4;4;4;4;4;5;4;2;2;4
10431817947;1;1;1;660;4;4;4;4;4;5;4;3;4;4;5;4;4;4;4;4;3;4;4;4;4;5;5;5;3;4
10431809799;1;1;1;540;5;4;4;4;4;4;4;3;3;4;4;4;3;4;5;4;4;4;4;3;3;3;4;4;4;4
10431802993;1;1;1;720;4;5;5;5;3;3;4;3;4;4;4;3;5;3;5;3;2;2;2;4;2;3;4;3;5;4
10431785671;1;1;1;1260;3;5;5;5;1;4;4;2;3;2;5;2;4;2;5;4;4;4;3;4;4;4;5;3;4;4
10431765247;1;1;0;480;2;1;3;3;2;2;2;2;2;2;2;2;2;2;3;2;2;2;2;2;2;2;2;2;2;4
10431759139;1;1;1;3720;4;5;5;5;4;4;4;4;4;5;4;5;5;5;5;5;5;5;5;5;4;5;5;5;4;5
10431727479;1;1;1;540;1;1;3;2;3;5;3;1;2;4;2;1;3;2;4;2;4;4;3;3;3;3;3;2;2;3
10431724583;1;0;1;540;5;3;5;4;4;4;4;3;4;4;4;3;4;5;5;5;5;5;4;4;3;4;5;3;4;5
10431711908;1;1;1;420;4;4;2;2;4;4;4;4;4;4;3;3;4;4;4;4;4;4;4;4;3;3;4;4;3;4
10431701550;1;1;1;2160;3;3;4;4;3;4;3;1;2;4;5;3;3;3;4;2;4;4;3;2;3;2;3;5;2;3
10431700660;1;1;1;1560;4;4;5;4;4;5;4;3;3;4;5;3;4;3;5;4;4;4;4;5;3;3;2;2;3;4
10431698899;1;1;1;660;4;3;5;5;4;5;4;4;5;4;4;3;4;4;4;4;4;4;4;4;3;4;5;4;4;4
10431698093;1;1;0;1020;4;4;4;5;4;4;4;2;4;5;5;4;3;4;5;5;5;5;5;5;5;5;5;2;2;4
10431694827;1;1;1;1080;4;4;3;2;3;4;2;4;2;3;4;2;4;3;2;3;4;4;4;4;4;3;4;2;4;3
10431662945;1;1;1;780;5;5;5;5;4;4;5;3;4;5;5;3;5;3;5;4;4;4;4;3;3;3;4;4;3;4
10431662225;1;1;1;2100;4;4;5;4;3;4;4;3;4;4;4;3;4;3;4;4;4;4;4;4;4;4;4;4;3;4
10431656950;1;1;1;1020;3;3;4;4;3;4;4;3;4;3;4;4;3;3;4;4;4;4;4;3;5;3;3;3;4;4
10431655338;1;1;1;720;4;4;4;5;3;4;4;3;3;5;5;3;4;3;5;3;5;5;5;4;5;4;2;4;3;5
10431650146;1;1;1;900;3;3;5;3;3;4;4;3;4;3;4;4;5;3;5;3;3;4;4;4;3;3;3;2;5;4
10431650074;1;1;1;900;4;3;3;4;3;4;4;4;3;3;4;3;4;4;4;2;4;4;4;4;4;3;3;2;4;4
10431645190;1;1;1;780;3;4;5;5;4;5;4;2;4;4;5;3;5;4;5;4;5;5;5;4;4;4;5;5;5;5
10431619686;1;1;0;660;3;3;4;3;4;4;3;3;3;4;4;3;4;3;2;NA;3;4;4;3;3;3;4;4;2;4
10431617366;1;1;1;1020;4;5;5;5;2;2;4;2;3;5;3;3;4;2;5;2;5;5;2;3;2;4;4;2;4;4
10431613448;1;1;1;780;3;2;3;4;3;3;2;3;4;3;2;3;4;3;4;2;3;3;2;2;2;3;3;4;4;4
10431609875;1;1;1;780;5;5;3;5;4;4;3;3;5;4;4;5;5;5;5;3;4;4;5;4;5;3;4;3;4;4
10431606358;1;1;1;780;4;3;5;4;4;4;4;4;5;4;4;5;4;4;5;2;4;4;4;2;2;4;3;5;5;5
10431605749;1;1;1;540;4;3;5;5;3;3;3;2;2;3;3;4;4;3;5;3;4;4;3;3;5;3;3;4;2;4
10431592800;1;1;1;1260;3;5;5;5;3;4;3;2;3;3;4;3;4;3;4;4;4;4;3;4;4;4;4;3;4;4
10431587890;1;1;1;27900;4;4;5;5;4;4;4;3;3;4;4;3;3;4;5;4;4;4;4;4;4;4;4;4;4;4
10431585782;1;1;1;780;4;5;5;5;4;4;4;4;4;4;4;3;4;4;4;5;4;4;4;4;4;4;4;4;4;5
10431561746;1;1;1;660;4;4;5;5;4;5;2;3;4;4;3;3;4;4;5;3;4;3;4;4;4;3;4;4;3;5
10431555663;1;1;1;1020;4;4;4;5;3;4;4;3;4;4;3;4;5;3;5;3;4;3;4;3;2;3;3;3;3;4
10431508768;1;1;1;1080;4;3;2;3;3;5;4;2;4;4;3;3;3;4;4;4;4;4;4;3;3;3;4;4;4;4
10431480943;1;1;1;660;3;1;1;2;2;2;1;1;3;2;3;2;3;3;3;5;2;2;2;2;3;2;2;NA;2;3
10431480279;1;1;1;780;4;3;4;5;3;4;4;4;4;4;5;3;5;3;5;3;4;4;4;4;4;4;5;4;4;4
10431477546;1;1;1;2940;4;4;3;4;3;4;3;4;4;3;4;3;4;4;4;4;4;4;3;4;2;4;4;4;4;4
10431452233;1;1;1;1080;3;2;3;3;3;3;3;2;3;3;3;3;3;3;4;4;4;4;4;3;3;3;4;4;3;4
10431447324;1;0;1;1200;4;4;5;5;3;3;2;2;2;3;3;3;4;3;4;2;2;2;2;4;4;4;3;3;2;3
10431434106;1;1;1;540;3;3;3;2;4;5;4;4;4;5;5;3;4;4;5;NA;5;5;5;5;3;5;4;4;4;4
10431425238;1;1;1;780;4;4;4;4;4;4;4;2;3;3;4;4;3;3;4;5;4;3;4;3;4;3;5;4;5;4
10431325394;1;1;1;840;3;4;4;3;3;4;4;4;5;3;4;4;4;3;5;3;3;4;3;3;3;4;4;3;3;2
10431295134;1;1;1;1800;4;4;3;2;3;4;4;4;NA;3;2;1;2;1;4;2;2;5;2;4;4;4;5;5;5;4
10431083570;1;1;1;1080;5;2;4;4;2;3;4;2;5;2;4;5;5;1;5;2;2;2;4;3;3;3;4;5;4;2
10431081415;1;1;1;780;4;4;3;4;2;3;2;4;5;3;5;2;5;2;5;3;2;2;4;2;2;2;5;5;5;4
10430970939;1;1;1;720;4;NA;5;5;4;4;3;2;4;4;5;3;3;3;4;5;4;4;4;4;4;4;5;3;3;5
10430968783;1;1;1;600;4;5;5;5;3;4;3;3;4;3;4;3;4;3;5;5;4;4;4;3;5;3;4;4;5;4
10430908587;1;1;1;720;1;3;5;5;3;1;2;3;2;2;5;5;5;5;4;5;2;2;2;3;2;5;2;2;2;1
10430899208;1;1;1;720;4;4;4;4;5;5;4;4;4;4;4;3;4;4;4;4;3;4;4;5;4;5;4;5;4;4
10430879129;1;0;1;660;3;3;3;4;4;5;4;3;3;3;5;5;5;4;5;3;4;5;4;5;5;5;5;5;5;4
10430875321;1;1;1;23820;5;4;4;4;3;4;4;4;5;4;4;5;5;3;5;4;5;5;4;3;4;5;5;5;5;5
10430873015;1;1;1;720;2;2;4;4;2;3;2;3;4;3;2;4;5;4;5;4;4;4;2;2;2;2;5;5;4;2
10430871931;1;1;0;780;4;5;4;4;4;5;4;2;3;4;4;4;4;4;5;5;5;5;5;5;4;4;5;5;5;5
10430840951;1;1;1;720;4;4;5;4;4;4;4;4;4;4;4;4;4;4;4;4;4;4;4;4;4;4;4;4;4;5
10430829779;1;1;1;1080;4;5;4;5;3;4;4;1;4;4;5;3;4;3;5;3;4;3;4;3;3;3;5;3;4;4
10430807384;1;1;1;5520;4;4;5;5;3;4;2;2;3;2;5;3;4;4;4;2;2;3;4;2;3;5;3;4;4;4
10430800061;1;1;1;840;3;4;4;5;2;3;4;1;3;3;5;4;4;3;5;3;4;3;2;2;2;2;2;4;3;4
10430799975;1;1;1;1200;3;1;5;4;2;2;5;3;1;5;5;2;5;5;5;2;5;5;2;2;3;2;2;3;5;3
10430790978;1;1;1;7440;4;3;4;4;3;4;4;4;4;4;4;4;4;2;4;4;4;4;4;4;4;4;3;3;3;4
10430787828;1;1;1;1080;4;4;3;5;4;4;4;3;3;4;5;4;4;3;5;3;4;4;4;3;4;3;5;4;3;5
10430786467;1;1;1;780;3;3;4;3;2;3;3;3;3;3;3;3;3;3;4;5;3;3;4;3;3;3;3;2;3;4
10430780342;1;1;1;900;2;4;5;5;2;3;3;3;4;3;2;1;2;2;4;4;2;2;3;2;2;3;4;3;4;4
10430778231;1;1;0;1560;1;1;2;1;1;2;2;2;2;1;2;1;1;1;1;2;5;5;5;5;5;5;5;5;5;4
10430748046;1;1;1;1320;3;3;3;4;4;4;3;2;3;3;3;3;4;3;5;5;4;3;4;4;2;3;4;5;4;4
10430738851;1;1;1;780;3;4;3;3;2;2;3;2;2;3;4;2;3;2;4;4;4;4;3;4;3;2;4;4;5;3
10430726856;1;1;1;1620;2;2;1;1;2;2;4;3;4;2;3;1;5;2;2;2;2;2;2;2;2;3;3;4;2;2
10430709291;1;1;1;1560;4;4;4;4;3;5;3;3;4;4;4;5;4;3;4;4;4;4;5;4;3;4;4;4;4;5
10430704335;1;1;1;600;4;4;5;5;4;5;4;3;4;4;5;4;4;5;5;4;5;5;5;4;4;4;4;4;4;5
10430697118;1;1;1;3960;3;4;4;5;2;4;3;2;2;4;4;3;3;3;4;5;3;3;2;3;2;2;4;4;3;3
10430694004;1;1;1;840;4;2;3;3;3;3;4;3;4;3;4;5;4;2;4;3;3;4;3;2;2;3;5;4;5;4
10430690663;1;1;1;1020;5;4;5;3;4;4;3;3;2;3;3;4;4;3;3;5;3;4;3;3;3;3;2;4;4;4
10430681272;1;1;1;780;4;3;3;3;3;3;3;2;3;3;3;3;3;3;4;2;3;3;3;3;2;3;4;4;4;4
10430669337;1;1;1;1260;5;4;5;5;4;4;4;3;4;3;4;5;5;5;5;2;2;2;4;2;2;4;4;4;4;4
10430660175;1;1;1;660;5;4;4;3;4;5;4;4;4;4;4;3;5;4;5;5;5;5;5;5;5;5;5;5;4;4
10430649284;1;1;1;840;4;4;4;5;3;3;2;3;5;3;3;5;4;5;5;2;3;3;4;3;4;4;5;4;3;4
10430646515;1;1;1;780;3;4;5;5;4;5;5;1;3;3;5;5;3;3;5;5;5;5;5;4;4;4;2;3;5;3
10430605540;1;1;1;1740;4;4;5;5;3;5;4;2;4;4;5;3;4;3;5;5;5;4;5;5;4;4;4;3;4;4
10430600405;1;1;1;1020;5;4;4;5;4;4;4;3;3;4;4;4;4;4;5;4;4;4;4;4;3;3;4;4;4;4
10430594077;1;1;1;540;4;4;5;5;4;5;4;3;3;5;5;5;5;3;5;5;4;4;4;5;4;5;5;3;3;5
10430586602;1;1;1;780;4;4;4;4;4;4;3;4;4;5;3;5;4;5;5;2;3;4;3;2;3;4;5;5;4;2
10430577946;1;1;1;780;4;4;2;4;4;5;4;4;4;3;3;4;3;4;4;5;4;4;4;4;4;4;4;4;4;4
10430569669;1;1;1;900;3;3;3;3;3;3;3;3;3;3;3;3;3;3;4;3;3;3;3;3;3;3;2;2;3;3
10430568688;1;1;1;1260;1;4;5;4;1;1;5;1;2;1;2;1;2;1;5;3;5;5;2;2;2;2;2;2;2;3
10430564992;1;1;1;600;4;4;4;5;3;5;4;3;4;5;5;3;5;4;5;2;5;5;4;4;4;3;5;4;5;4
10430560574;1;1;1;2940;4;4;5;5;3;4;4;3;3;3;4;3;4;3;5;4;4;4;4;4;3;3;5;2;4;4
10430553519;1;1;1;840;4;4;5;5;4;4;4;2;3;4;4;3;3;4;5;5;4;4;5;5;3;5;5;4;5;3
10430544161;1;1;1;840;3;4;4;5;3;4;4;2;2;3;5;3;5;3;3;2;4;4;3;2;3;3;3;3;2;4
10430540012;1;1;1;420;4;4;5;4;4;4;4;3;3;3;4;4;4;4;5;4;4;4;4;4;4;4;5;4;5;4
10430531719;1;1;1;660;5;5;5;2;4;5;4;2;3;5;5;5;4;5;5;5;5;5;5;3;3;5;5;5;5;5
10430529071;1;1;1;540;4;5;5;5;3;4;3;3;3;4;5;3;4;3;5;5;5;5;5;3;3;3;5;5;4;1
10430528428;1;1;1;1140;4;4;3;5;3;4;4;3;3;4;5;4;3;3;5;5;5;5;4;4;3;4;4;4;4;4
10430523214;1;1;1;720;5;2;2;2;4;5;5;2;5;3;3;5;4;3;4;2;3;4;3;5;2;5;5;5;5;4
10430519788;1;1;1;600;4;4;5;4;4;5;4;1;1;2;4;5;4;2;4;4;2;5;2;5;4;5;2;2;4;3
10430517821;1;1;1;420;4;4;4;3;4;4;4;4;4;4;3;3;4;4;4;4;4;4;4;4;4;4;4;4;4;5
10430501440;1;1;1;780;3;4;4;5;3;4;4;4;4;3;4;2;4;2;4;2;4;5;4;5;2;5;2;5;5;2
10430501401;1;1;1;1080;4;2;4;1;2;2;2;3;2;2;3;2;2;2;4;2;2;2;3;3;4;3;2;5;2;4
10430489382;1;1;1;360;5;5;5;5;4;4;3;4;4;4;5;5;5;5;5;4;4;4;4;4;4;4;5;4;3;4
10430487419;1;1;1;420;5;5;5;4;4;4;4;3;4;5;4;4;5;4;5;5;5;5;4;5;4;4;5;5;5;5
10430482890;1;1;1;540;4;4;4;4;3;3;3;4;4;3;3;4;4;3;5;4;4;4;4;3;3;3;5;5;4;4
10430469718;0;1;1;540;3;3;4;2;3;3;2;3;4;3;3;4;4;4;4;3;3;4;3;4;3;5;4;4;3;2
10430463173;1;0;1;900;4;4;4;5;3;3;4;2;3;5;5;4;4;4;5;4;4;4;4;4;4;5;4;4;4;4
10430461676;1;1;1;840;4;3;3;5;3;4;4;4;4;3;4;4;4;2;5;5;3;3;3;4;3;3;4;4;4;4
10430460750;1;1;1;720;5;5;4;4;5;5;4;4;3;4;5;4;4;4;5;4;4;4;4;5;4;3;4;5;4;4
10430456219;1;1;1;900;3;3;2;2;3;4;4;3;4;3;3;3;3;3;4;3;4;4;4;4;3;3;5;4;4;4
10430452312;1;1;1;660;5;5;5;5;4;4;4;3;4;5;5;4;5;4;5;5;4;4;4;4;4;4;5;5;5;5
10430450824;1;1;1;720;4;4;5;5;4;4;4;4;4;4;4;3;4;4;5;5;5;5;5;5;5;5;5;3;3;5
10430449367;1;1;1;660;2;3;3;3;3;5;3;1;2;2;4;2;4;2;5;2;2;2;2;4;2;4;3;3;3;4
10430448718;1;1;1;1200;4;3;4;3;3;4;4;4;3;3;5;2;5;2;4;2;4;2;4;4;4;3;4;3;3;5
10430439285;1;1;1;420;4;4;5;5;3;5;4;5;4;3;4;3;5;3;5;3;5;5;5;4;3;4;5;5;5;5
10430432155;1;1;1;600;5;5;3;5;5;5;4;2;4;4;4;5;5;5;5;4;4;4;4;4;3;4;5;5;4;4
10430430687;1;1;1;1560;3;4;4;5;2;3;2;2;3;3;3;2;4;2;5;4;4;4;3;3;3;2;4;2;4;3
10430428960;1;1;1;420;5;4;4;5;4;5;5;4;5;5;5;5;5;4;5;5;5;5;5;4;4;4;4;4;5;4
10430422428;1;1;1;4320;4;4;5;2;4;4;4;3;3;3;3;3;4;4;5;2;4;3;3;3;3;3;4;4;5;4
10430421233;1;1;1;77640;2;2;2;2;2;2;3;2;3;2;3;1;3;2;4;2;2;2;2;3;3;3;4;4;3;3
10430414322;1;1;1;1740;4;4;5;4;4;5;4;3;3;3;5;4;5;4;5;4;4;5;4;5;5;4;3;5;4;4
10430413380;1;1;1;660;4;4;5;5;3;3;3;4;4;3;3;4;4;4;5;3;3;3;3;3;3;3;5;5;5;4
10430408078;1;1;1;2220;4;4;2;3;4;5;4;3;4;3;4;5;4;3;3;4;4;4;4;4;3;4;5;5;5;5
10430407908;1;1;1;1020;3;2;2;3;4;3;2;2;4;2;4;2;4;3;2;4;2;2;2;3;2;2;2;3;3;3
10430400675;1;1;1;600;4;4;5;5;3;4;5;3;3;3;2;3;5;4;5;5;4;4;4;4;5;2;3;3;3;5
10430400453;1;1;1;660;4;4;5;4;4;5;4;3;2;4;4;3;3;3;5;4;4;4;4;5;3;4;5;4;4;4
10430395107;1;1;1;1080;5;4;5;5;4;4;4;4;4;4;4;4;4;4;5;4;4;4;5;5;4;5;4;4;4;4
10430390468;1;1;1;2220;4;4;4;5;4;5;4;4;3;3;3;4;4;3;5;2;4;4;5;4;4;4;5;4;3;4
10430389142;1;NA;NA;900;5;5;5;4;3;4;4;4;4;4;4;3;4;4;5;5;5;5;5;4;4;4;5;4;2;5
10430388341;1;1;1;960;3;4;5;4;3;3;4;1;3;4;2;2;3;2;4;4;4;4;4;4;4;3;3;2;4;4
10430385336;1;1;1;600;3;2;2;3;3;4;4;3;3;3;3;1;3;3;4;3;3;4;3;3;2;3;2;3;3;4
10430381957;1;1;1;1080;4;4;5;5;2;4;4;3;4;3;5;3;3;3;5;4;4;4;3;2;3;3;5;5;5;4
10430372223;1;1;1;780;4;4;5;4;4;5;4;4;4;4;4;4;4;4;5;4;4;4;4;4;4;4;4;5;5;4
10430369761;1;1;1;960;5;4;4;5;4;4;4;3;5;4;5;4;4;3;5;4;5;5;5;4;4;4;5;3;4;5
10430368985;1;1;1;900;4;5;4;4;4;5;4;4;4;3;4;4;4;4;5;4;4;4;4;4;5;4;5;5;3;4
10430365138;1;1;1;780;5;5;3;3;4;5;5;4;3;4;5;4;4;4;5;4;5;5;5;5;5;5;5;5;5;5
10430365103;1;1;1;1080;4;3;5;5;4;5;5;5;4;4;4;5;5;5;4;2;4;4;4;3;3;4;4;5;5;3
10430362207;1;1;1;900;5;5;5;4;4;5;5;2;4;4;5;3;5;3;5;4;4;5;5;4;4;3;4;4;4;5
10430360124;1;1;1;2040;4;4;4;4;4;4;4;3;4;4;4;3;4;4;5;4;4;4;5;4;4;4;4;4;5;4
10430359041;NA;0;1;1500;4;5;5;5;4;4;4;3;3;4;4;5;4;4;5;4;4;4;4;4;4;4;4;4;5;5
10430357633;1;1;1;840;4;4;5;4;4;5;4;4;3;4;5;4;4;4;5;3;4;5;4;5;3;5;3;4;4;4
10430354176;1;1;1;1200;2;2;2;4;3;4;2;2;2;2;4;2;3;3;4;2;4;4;3;5;4;5;2;2;2;3
10430353901;1;1;1;720;4;4;2;4;4;4;4;3;4;4;3;2;4;3;5;5;3;3;5;4;3;5;4;4;4;4
10430353252;1;1;NA;720;4;2;3;4;3;5;3;3;4;3;4;5;4;4;5;4;4;4;5;3;5;3;5;5;5;3
10430352862;1;1;1;840;5;5;4;4;4;4;4;4;4;4;5;3;4;4;5;4;4;4;4;4;4;4;4;4;4;4
10430352185;1;1;1;1260;4;2;4;3;2;3;3;2;4;3;3;2;4;3;4;2;2;2;2;3;2;3;5;2;4;3
10430348866;1;1;1;660;3;3;3;4;2;3;2;2;3;3;4;3;4;2;5;2;3;3;2;3;3;3;2;2;3;2
10430348263;1;1;1;600;5;5;5;5;4;5;4;4;4;4;5;4;4;4;4;4;4;5;5;4;3;4;5;5;5;4
10430348177;1;1;1;1860;2;1;4;3;2;3;3;2;3;1;3;1;4;1;4;4;2;4;2;4;2;3;3;2;4;4
10430347473;1;1;1;1260;4;4;4;5;4;4;4;2;3;4;4;3;3;3;4;3;4;4;5;5;4;4;5;3;3;5
10430347233;1;0;1;1380;3;4;5;4;3;4;3;2;3;4;5;3;4;2;5;3;3;3;4;2;2;3;4;2;5;4
10430347067;1;1;1;1200;4;5;4;5;4;5;5;5;5;5;5;5;5;3;5;3;5;5;5;5;4;4;5;5;5;4
10430346079;1;1;1;900;1;2;2;3;2;1;3;1;1;2;2;2;2;1;2;2;2;2;2;2;2;3;2;2;2;1
10430345477;1;1;1;600;3;3;4;4;3;4;3;2;3;2;3;2;4;3;4;4;3;3;3;4;2;4;2;2;2;4
10430344757;1;0;1;1200;4;5;5;5;4;4;4;3;4;4;4;4;3;4;4;4;4;4;4;4;5;4;4;4;4;5
10430344143;1;1;1;720;4;3;5;4;4;4;2;3;2;3;4;3;4;3;4;5;2;2;3;4;5;5;5;5;5;2
10430344049;1;1;1;720;4;2;3;4;3;4;2;1;4;2;2;3;5;3;2;2;2;2;3;4;3;3;4;5;2;3
10430343868;1;1;1;900;4;4;2;4;4;5;5;1;3;3;3;3;3;4;5;5;4;4;4;4;5;3;NA;3;2;4
10430340365;1;1;1;720;3;4;3;4;3;3;4;1;3;3;4;3;4;3;4;2;4;4;4;3;4;3;4;2;2;4
10430340126;1;1;1;600;4;3;3;2;3;3;3;2;4;3;3;3;3;4;5;2;4;4;3;3;4;3;4;4;4;1
10430339999;1;1;1;480;4;4;5;2;4;1;3;4;3;3;2;5;5;4;5;4;4;5;4;5;3;4;5;5;4;5
10430339464;1;0;1;720;4;4;5;4;3;4;3;3;3;3;3;3;4;4;3;3;4;4;4;4;4;4;4;4;4;4
10430339334;1;1;1;540;5;4;4;5;4;4;4;5;4;4;5;4;4;4;4;4;4;4;4;4;4;4;5;5;4;4
10430337253;1;1;1;660;2;2;3;5;4;5;2;2;2;3;4;3;3;3;5;2;3;3;4;5;5;4;2;5;3;1
10430335934;1;1;1;660;4;4;5;5;4;5;4;3;4;4;4;3;3;3;4;5;5;5;5;3;5;4;4;3;5;4
10430335767;1;1;1;720;5;5;5;5;5;5;5;4;4;5;5;5;5;5;5;4;4;4;5;5;4;5;5;5;5;5
10430335011;1;1;1;720;3;2;2;2;3;4;3;2;3;2;3;5;3;3;3;2;3;3;3;3;4;3;4;4;2;4
10425170040;1;1;1;900;4;4;5;4;3;3;2;2;4;3;3;2;4;3;5;2;4;4;2;2;4;5;5;3;2;2
10425139393;1;1;1;600;5;5;5;5;4;5;4;2;4;5;5;5;5;5;5;5;5;5;5;5;4;5;5;5;4;4
10425031666;1;0;1;600;4;4;5;5;4;5;4;1;3;5;5;3;4;4;5;5;5;3;5;5;4;5;4;4;5;5
10424948560;1;1;1;1200;5;4;2;1;4;4;5;1;5;4;4;4;5;4;3;3;4;4;3;4;3;4;5;5;2;4
10424837808;1;1;1;780;4;4;5;5;NA;1;5;4;4;5;4;3;3;4;5;NA;4;4;5;4;4;4;4;4;5;4
10424796841;1;1;1;1140;4;2;4;4;3;3;3;3;3;3;2;3;3;4;4;2;2;2;2;2;3;2;2;4;4;1
10424794291;1;1;1;660;5;5;5;5;4;5;5;4;4;4;5;5;5;5;5;3;5;5;5;5;5;5;5;5;5;4
10424762554;1;1;1;7020;3;4;5;2;2;3;3;3;4;4;5;2;3;3;5;2;2;3;2;2;2;2;5;4;5;2
10424747798;1;1;1;1320;4;4;5;4;3;4;4;2;4;4;4;4;3;3;4;4;4;4;4;4;4;3;4;4;4;4
10424696480;1;1;1;720;4;5;5;4;4;5;4;4;5;5;5;4;4;4;5;4;4;4;4;3;3;4;5;3;4;4
10424691718;NA;1;1;2700;5;4;3;4;4;5;4;3;4;4;4;3;4;3;4;4;4;4;4;4;3;3;3;3;3;4
10424623117;1;1;1;540;5;5;5;5;4;5;4;3;4;5;5;5;5;3;5;4;4;5;5;4;5;4;5;5;5;5
10424618832;1;1;1;780;3;3;4;5;3;4;4;3;4;3;4;4;5;4;5;4;4;5;4;4;3;3;3;4;4;4
10424571319;1;1;1;1140;4;4;4;4;4;5;4;4;4;5;4;3;4;5;5;4;5;4;4;5;5;4;5;4;4;4
10424478719;1;1;1;1440;4;5;5;4;3;4;3;4;4;3;4;3;4;3;4;4;4;4;4;4;4;5;5;5;5;4
10424293585;1;1;1;1260;2;2;3;4;2;3;4;2;4;2;3;1;5;4;5;2;3;2;2;3;4;4;3;4;4;2
10424256785;1;0;1;1440;3;3;3;4;3;4;4;3;3;3;4;3;3;2;4;2;4;4;4;3;3;2;3;5;2;4
10424155505;1;1;1;1020;3;4;2;2;4;4;4;1;2;1;4;2;2;2;4;3;2;2;3;5;5;4;4;2;4;4
10424128470;1;1;1;3720;2;4;4;3;2;3;4;1;2;3;3;1;1;1;3;4;4;4;3;4;2;2;4;5;5;3
10424096573;1;1;1;1560;3;4;4;3;3;5;4;2;4;5;5;2;4;3;5;4;4;5;5;3;4;3;4;3;2;4
10424008937;1;1;1;1200;4;5;4;4;3;4;3;1;2;4;5;2;3;3;5;2;2;4;3;4;5;4;3;2;2;3
10423973940;1;1;1;780;3;4;5;5;4;1;1;4;3;3;1;4;3;4;5;2;2;2;2;3;2;3;2;3;4;3
10423971686;1;1;1;1080;5;4;5;5;3;5;5;5;4;4;5;4;3;4;4;5;4;4;5;4;4;5;4;4;4;5
10423872273;1;1;1;900;4;3;3;4;2;3;3;3;3;2;3;3;4;3;5;2;2;2;3;3;2;3;5;3;2;3
10423866118;1;0;1;840;4;3;4;4;4;4;2;2;4;3;5;2;3;3;5;5;5;5;2;3;4;3;4;4;4;3
10423860045;1;1;1;960;4;4;4;5;3;5;5;3;4;5;5;3;3;3;5;4;5;4;4;4;4;4;4;4;2;4
10423856757;1;1;1;540;4;5;4;4;3;3;4;4;4;3;4;3;3;3;5;3;4;4;4;4;5;4;5;5;5;4
10423856249;1;1;1;720;3;3;5;5;3;1;4;3;4;4;4;3;4;4;4;3;4;4;3;3;3;3;4;4;4;4
10423853437;1;1;1;960;2;2;5;5;3;1;3;1;3;2;1;3;3;3;3;2;3;3;2;4;5;3;4;3;5;4
10423815008;1;1;1;720;4;2;3;2;3;3;2;1;1;2;3;3;5;3;3;5;2;2;2;3;4;3;4;5;5;4
10423797468;1;1;1;1380;3;2;5;5;3;3;3;3;3;4;4;3;3;3;4;3;3;3;3;NA;3;2;2;3;3;4
10423794371;1;1;1;600;4;2;3;3;1;2;2;2;2;3;1;1;1;1;2;2;2;2;2;4;3;3;4;2;2;4
10423794342;1;1;1;480;3;3;2;2;2;2;2;4;4;3;2;5;5;5;5;5;2;2;2;2;3;3;5;5;5;2
10423774331;1;1;1;600;4;3;3;5;3;2;3;3;4;3;4;3;5;4;4;2;3;3;3;4;2;3;5;4;4;3
10423763541;1;1;1;720;5;4;4;5;4;4;4;3;4;4;4;3;4;4;4;4;4;4;4;4;3;4;4;4;4;4
10423760087;1;1;1;1560;4;4;5;5;3;4;4;3;3;5;5;3;4;3;5;4;4;4;4;4;3;4;4;3;4;4
10423753739;1;1;1;840;4;4;4;5;3;4;3;1;2;3;4;4;4;4;5;3;3;3;3;3;4;3;4;4;3;3
10423748652;1;1;1;12180;4;5;5;5;4;5;4;4;5;4;5;4;4;4;5;4;4;4;4;5;4;4;4;4;5;5
10423706880;1;1;1;480;4;4;5;4;4;4;4;4;3;4;4;3;4;3;4;4;4;4;4;4;3;4;4;4;3;4
10423706579;0;1;1;720;4;2;3;2;NA;3;3;3;3;2;1;2;5;2;4;3;2;2;2;4;2;3;3;3;3;5
10423702098;1;1;1;1200;3;2;2;4;3;2;2;2;3;2;4;3;4;3;4;3;2;2;2;3;2;3;4;4;3;4
10423697982;1;1;1;900;4;4;2;4;4;4;3;3;4;3;3;3;4;4;4;4;4;3;4;4;2;4;4;4;4;4
10423658194;1;0;1;540;4;2;2;3;3;5;3;2;3;3;4;3;5;4;3;3;3;2;3;3;4;4;4;4;4;2
10423637378;1;1;1;900;3;4;5;5;3;4;4;3;4;4;4;4;3;2;5;4;4;4;4;4;3;4;4;3;3;4
10423608419;NA;NA;NA;780;3;3;3;4;3;5;3;2;2;3;3;2;3;2;4;4;4;4;4;3;4;3;4;2;4;4
10423587809;1;1;0;660;2;2;4;4;3;3;3;3;3;2;4;2;2;2;4;5;5;5;5;2;2;2;2;2;2;4
10423583923;1;1;1;1140;3;2;3;3;3;4;2;3;1;2;1;1;3;2;3;2;4;2;2;3;2;3;3;3;3;1
10423575217;1;1;1;780;4;4;4;4;4;5;4;3;4;3;2;4;4;4;3;4;4;4;4;4;4;3;3;4;3;3
10423565839;1;1;1;600;4;3;3;3;3;4;3;3;4;3;4;3;3;3;4;4;4;4;4;4;4;4;5;5;4;4
10423536149;1;1;1;1020;4;4;5;4;3;4;4;3;4;4;4;5;4;3;4;4;4;4;4;4;2;4;4;3;4;4
10423281364;1;1;1;20880;3;4;5;5;2;4;5;4;4;3;2;3;5;3;5;4;4;4;3;3;4;3;5;4;5;4
10423111789;1;1;1;1020;4;4;4;4;3;5;4;4;4;4;4;3;3;4;4;4;4;4;4;3;3;3;4;4;4;4
10423006901;1;1;1;840;4;3;4;2;5;5;4;2;3;4;3;3;3;4;5;2;4;4;4;5;4;5;3;4;4;4
10422935886;1;1;1;1020;4;4;4;4;3;3;4;3;3;4;5;5;4;3;4;4;4;4;4;4;3;4;4;3;3;5
10422921381;1;1;1;1320;3;4;5;5;3;4;3;1;3;3;4;3;3;3;4;5;3;5;3;3;5;3;5;2;2;4
10422909745;1;1;1;1080;4;4;5;5;3;3;4;3;3;3;3;3;3;3;4;4;4;4;3;4;3;3;4;4;4;5
10422909165;1;1;1;720;3;3;2;3;2;2;2;3;3;2;2;5;5;1;4;2;2;2;2;3;2;3;5;4;4;2
10422891013;1;1;0;840;3;2;2;2;3;4;3;2;2;2;1;1;3;1;3;2;2;2;2;3;2;3;4;2;2;3
10422859444;1;1;1;780;4;3;5;4;2;3;3;3;3;3;3;3;3;2;4;4;4;3;3;3;3;3;4;4;3;4
10422856478;1;1;1;600;4;5;5;5;4;4;4;1;1;5;5;2;5;4;5;5;5;5;5;5;5;5;5;5;5;5
10422842906;1;1;1;660;5;5;5;5;5;5;5;1;5;5;5;5;5;5;5;5;5;5;5;5;5;5;5;5;5;5
10422819225;1;1;1;1260;4;4;3;4;3;4;4;4;4;5;5;4;4;3;5;5;4;3;4;3;2;4;5;2;4;4
10422794986;1;1;1;1380;4;4;5;4;4;5;4;2;3;4;3;4;5;5;5;4;5;4;4;4;2;5;5;2;4;5
10422766782;1;1;1;1440;4;4;5;5;4;4;4;3;5;5;5;4;5;4;5;5;5;5;5;3;5;4;5;5;5;4
10422764322;1;1;1;1020;4;4;5;5;4;4;4;4;4;4;4;4;4;3;5;4;4;4;4;3;4;3;4;5;5;4
10422699355;1;1;1;1200;4;3;3;4;2;3;4;3;3;3;3;5;4;3;5;2;4;5;4;2;2;3;3;4;3;5
10422679302;1;1;1;600;4;1;1;1;3;5;3;1;3;1;1;1;2;3;3;2;2;2;2;3;4;3;2;5;5;1
10422675198;1;1;1;660;5;4;4;4;4;5;4;5;5;4;4;5;4;4;4;3;4;5;5;5;5;4;5;4;4;4
10422667703;1;1;1;840;4;5;5;4;3;3;3;3;4;3;4;3;4;3;5;2;4;2;2;5;3;4;4;4;4;2
10422615677;1;1;1;660;4;2;5;4;4;4;4;2;3;2;3;4;4;4;4;2;3;4;4;4;2;4;4;4;4;4
10422575082;1;1;1;840;2;2;5;5;2;4;3;3;3;4;4;1;3;1;5;3;4;5;3;3;3;2;5;3;5;5
10422532419;1;1;1;900;3;2;3;2;4;4;3;3;4;3;3;2;3;2;3;2;3;3;2;4;3;3;4;4;4;4
10422517857;1;1;1;1500;3;3;4;5;2;3;2;2;3;3;3;4;3;2;4;2;2;2;2;4;3;2;2;2;4;2
10422448486;1;1;1;900;3;4;5;5;3;4;3;2;4;4;3;3;3;3;4;3;3;4;3;3;3;3;2;4;4;4
10422446509;1;1;1;1020;4;3;4;4;3;5;4;3;4;3;3;2;5;4;5;5;4;4;5;5;3;4;5;2;4;4
10422444590;1;1;1;1980;4;2;3;2;3;4;3;2;3;3;5;3;3;3;2;2;3;3;3;4;2;3;5;5;5;3
10422421075;1;1;1;900;2;4;4;5;2;3;1;2;2;2;2;1;2;2;4;2;2;2;2;3;3;4;2;2;2;4
10422362799;1;1;1;1260;4;4;5;5;4;5;5;4;4;5;5;5;5;4;5;5;4;5;4;4;5;5;5;3;5;5
10422321374;1;1;1;660;4;4;4;4;3;4;4;3;4;4;4;3;4;3;5;3;4;4;4;4;3;4;4;4;4;5
10422305764;1;1;1;780;4;4;4;5;4;5;4;3;3;4;5;5;4;4;5;4;4;4;4;4;4;4;3;2;3;5
10422301370;1;0;1;840;4;5;5;5;4;4;2;3;4;5;3;3;3;3;5;2;4;4;3;4;2;4;3;4;3;4
10422272853;1;1;1;600;4;4;3;4;4;4;3;3;4;3;3;5;4;4;4;4;2;3;2;3;3;3;4;4;2;3
10422087345;1;1;1;720;4;3;4;5;3;3;3;1;3;2;3;3;4;3;4;2;3;2;2;2;2;2;4;3;4;4
10422050936;1;1;1;900;5;4;5;5;4;5;4;5;4;4;5;5;5;5;5;4;5;5;5;5;5;5;5;5;5;4
10421999764;1;1;1;780;4;4;3;3;3;4;4;2;4;3;4;4;4;4;5;4;4;4;4;3;4;3;5;4;4;4
10421971563;1;1;1;960;4;4;4;4;3;4;4;3;4;4;3;3;3;3;5;4;4;4;4;4;4;4;5;4;4;4
10421966697;1;1;1;2220;4;3;2;2;3;3;3;3;4;3;4;2;4;5;3;3;2;2;2;2;2;2;NA;2;2;2
10421869178;1;1;1;720;4;4;5;4;4;4;4;4;4;5;5;5;5;5;5;5;5;5;5;4;4;5;5;5;5;4
10421729414;1;1;1;3660;5;4;4;4;4;5;4;3;4;5;5;4;5;4;5;5;5;4;5;5;3;4;5;4;4;5
10421632891;1;1;1;1260;3;4;4;5;2;3;3;2;3;3;4;2;4;2;4;4;3;3;3;4;4;3;4;2;2;4
10421623812;1;1;1;1500;4;3;3;3;2;1;2;5;4;2;4;2;5;3;4;3;2;2;5;3;2;3;5;3;5;1
10421622624;1;1;1;1200;4;4;3;2;3;4;3;2;4;3;3;2;3;3;4;3;2;4;3;4;3;3;4;4;4;4
10421563580;1;1;1;720;2;2;5;5;2;1;5;1;1;2;5;1;5;1;3;2;2;2;2;3;2;2;2;3;3;4
10421556589;1;1;1;1020;4;2;3;3;2;4;3;2;1;3;3;2;4;2;4;2;2;2;2;5;5;5;5;5;4;4
10421542394;1;1;1;780;4;4;5;5;3;4;3;2;4;3;4;3;4;4;5;3;4;4;4;4;3;4;5;5;4;4
10421535472;1;1;1;1500;2;3;2;2;1;5;4;1;1;3;3;2;4;1;4;2;3;2;3;2;4;2;2;3;5;3
10421513588;1;1;0;1200;2;2;3;2;2;2;2;2;2;2;3;2;2;1;2;2;2;2;2;2;2;2;2;2;2;3
10421477974;1;1;1;720;5;3;5;4;3;5;4;2;4;3;5;3;3;4;5;4;5;5;5;4;4;3;5;3;5;5
10421475600;1;1;1;900;2;2;5;2;2;1;3;2;3;3;3;5;3;1;4;NA;4;3;2;5;5;3;3;5;5;3
10421465227;1;1;1;660;4;5;3;4;5;5;4;5;5;4;4;4;5;5;4;3;4;4;4;5;3;5;4;5;5;5
10421442333;1;1;1;1020;3;2;3;4;2;3;2;1;1;2;4;4;5;2;5;2;2;2;2;5;2;3;2;4;5;1
10421442332;1;1;1;4860;5;4;5;5;4;5;4;5;5;4;4;4;4;4;5;2;4;4;4;4;4;4;4;4;4;4
10421440828;1;1;0;1380;4;4;5;4;4;5;4;3;4;5;5;3;4;3;5;4;5;5;5;5;4;4;4;4;4;5
10421423979;1;1;1;720;4;3;3;4;3;4;4;4;4;4;4;3;4;3;4;2;4;4;4;3;4;4;4;4;4;4
10421376858;NA;1;1;840;4;4;5;5;3;4;4;4;4;3;5;3;4;3;4;4;4;4;4;4;3;4;4;4;4;4
10421376716;1;1;1;780;4;4;3;2;4;5;3;2;4;3;3;5;5;5;5;4;3;2;4;3;2;4;4;4;5;5
10421374841;1;1;1;1080;4;5;5;5;3;4;4;3;3;4;4;3;4;3;5;4;4;4;4;3;3;3;4;3;3;4
10421371676;1;1;1;1260;4;4;5;4;4;4;4;1;2;4;5;4;3;3;4;4;4;4;4;3;3;3;4;2;2;4
10421357178;1;1;1;900;2;2;2;4;3;5;3;4;3;2;1;3;4;3;2;2;2;2;2;4;2;4;5;5;5;4
10421347809;1;1;1;540;4;4;4;4;4;4;5;4;4;4;5;4;4;4;5;3;4;4;4;4;4;4;4;4;4;4
10421336316;1;1;1;900;5;NA;5;5;4;4;4;3;4;4;5;3;4;4;4;4;4;4;5;5;5;5;5;4;4;5
10421323593;1;1;1;1620;4;5;5;4;4;5;5;4;5;4;5;3;4;4;5;5;5;5;5;5;5;4;5;4;4;4
10421273825;1;1;1;660;4;5;5;5;4;5;4;3;4;4;4;5;5;4;5;4;4;5;4;4;4;3;4;4;4;4
10421269383;1;1;1;720;3;4;5;4;4;5;4;3;4;4;4;3;4;4;5;4;4;4;4;4;4;4;5;4;4;4
10421265172;1;1;1;1200;4;4;5;4;4;5;5;5;4;5;5;3;5;5;3;5;5;5;5;5;4;5;4;2;5;4
10421220186;1;1;1;600;5;4;4;5;4;5;5;4;4;5;4;5;4;5;5;5;4;4;5;4;5;4;5;5;5;4
10421196630;1;1;1;3240;5;4;4;5;4;4;3;4;4;4;3;5;4;3;4;3;4;4;4;4;4;3;4;4;4;4
10421049798;1;1;1;472140;5;5;4;4;5;5;4;3;5;4;5;4;4;5;5;4;5;5;5;5;5;5;5;3;5;5
10421034497;1;1;1;1560;2;2;3;4;2;3;2;1;2;2;1;2;4;4;1;2;2;2;2;3;3;5;2;2;2;3
10421026411;1;1;1;119880;NA;3;2;3;1;4;2;4;3;3;2;1;3;1;5;4;2;3;3;2;5;3;2;2;2;3
10421012620;1;1;0;720;3;3;3;3;3;3;3;3;3;2;3;1;3;3;3;3;3;2;2;2;2;2;3;2;2;2
10420993887;1;1;1;540;5;2;4;2;3;4;3;3;4;4;2;3;5;3;5;2;4;3;3;5;3;5;5;5;5;5
10420991138;1;1;1;1500;4;4;4;5;4;4;4;3;4;5;5;3;4;4;5;5;5;5;5;4;4;4;5;3;4;4
10420974813;1;1;1;1260;4;2;4;5;3;4;3;2;4;3;4;3;4;4;4;2;3;3;3;5;4;4;4;2;4;3
10420973917;1;1;1;960;4;4;4;5;4;4;3;2;4;4;3;3;3;4;4;3;4;4;4;4;5;5;4;3;3;4
10420964126;1;1;1;1140;2;2;5;3;1;1;3;1;1;2;2;1;4;4;4;2;2;2;2;2;2;2;2;2;2;1
10420960380;1;1;1;1140;5;3;5;4;3;4;5;4;4;5;5;4;2;3;5;2;4;4;3;2;3;2;5;5;5;5
10420954976;1;1;1;1200;2;2;4;4;2;3;4;2;1;2;3;2;3;2;4;3;4;4;3;2;2;2;2;4;3;3
10420951804;1;1;1;720;4;4;5;5;3;5;3;4;2;3;3;3;3;2;4;5;3;3;4;3;3;3;3;2;2;4
10420950824;1;1;1;600;4;3;4;4;3;4;2;3;4;3;3;3;3;3;4;4;4;3;3;4;4;4;4;4;4;4
10420940231;1;0;1;1320;4;3;2;3;4;4;3;3;4;3;3;3;3;3;3;3;3;3;4;4;4;4;4;4;3;3
10420932039;1;1;1;660;5;4;4;5;4;5;5;2;5;5;5;5;5;5;5;4;4;5;4;5;4;5;5;5;5;5
10420930364;1;1;1;1140;4;3;4;5;3;4;3;3;4;3;4;3;4;3;4;4;4;4;4;3;3;3;4;4;4;4
10420928702;1;1;1;900;5;3;4;5;4;5;3;3;4;3;4;4;4;4;5;2;3;4;4;4;5;4;5;4;5;5
10420894683;1;1;1;960;4;4;5;4;5;5;3;4;5;3;5;3;5;5;5;4;4;4;4;5;5;4;5;5;5;4
10420887555;1;1;1;540;3;3;5;5;3;4;4;3;3;4;4;3;3;3;4;3;4;4;4;4;4;4;4;4;4;4
10420884438;1;1;1;900;4;4;4;4;3;5;4;3;2;5;5;3;3;3;4;4;4;4;5;5;5;4;5;4;2;4
10420876526;1;1;1;1140;4;4;5;4;3;4;4;3;4;4;4;4;4;3;4;4;4;4;4;4;2;4;3;4;4;5
10420871361;1;1;1;960;3;2;2;3;3;3;3;3;3;3;3;3;3;3;3;2;4;4;3;4;2;3;3;3;3;4
10420857974;1;1;1;840;4;4;5;5;3;5;2;2;3;2;2;3;4;2;4;2;3;2;2;2;2;4;2;4;3;3
10420849527;1;1;1;420;2;4;5;4;2;3;3;3;3;5;4;2;3;2;5;4;4;4;3;3;2;3;3;4;3;4
10420840463;1;1;1;433380;4;2;4;5;3;4;3;3;5;5;4;4;4;3;5;2;4;4;4;3;2;3;4;4;5;5
10420831921;1;1;1;420;4;4;5;5;4;4;3;3;2;4;4;1;4;3;5;3;4;4;4;4;3;3;3;3;3;2
10420827626;1;1;1;1200;5;3;5;5;3;2;3;5;4;2;3;3;4;3;5;4;3;3;4;3;2;3;4;3;5;1
10420813747;1;1;1;900;4;4;5;5;4;4;4;4;5;4;3;2;4;3;5;5;5;5;4;5;3;5;5;2;3;5
10420813561;1;1;1;1020;5;5;4;5;5;5;5;5;4;5;5;5;5;4;5;4;5;5;5;5;5;5;4;5;4;5
10420783140;1;1;1;540;4;4;3;4;4;5;4;4;4;4;4;3;4;4;4;4;4;4;4;4;4;4;4;4;4;4
10420777772;1;1;1;540;4;4;4;5;4;5;5;4;3;5;5;5;5;3;5;4;5;5;5;5;3;4;4;5;5;5
10420774772;1;1;1;1440;5;4;3;4;4;5;4;3;5;4;5;5;4;4;5;4;4;4;4;4;4;4;5;5;5;5
10420757804;1;1;1;900;4;3;3;3;3;1;2;2;4;2;3;4;3;3;4;3;2;3;3;2;3;3;4;4;4;2
10420749678;1;1;1;900;3;3;3;3;2;3;4;2;2;3;3;1;3;1;4;3;3;5;3;2;4;3;4;2;2;4
10420739717;1;1;1;19200;4;5;5;5;4;5;5;4;2;5;5;3;4;4;5;4;4;4;3;4;4;4;3;3;2;5
10420735327;1;1;1;1020;2;3;3;4;2;4;3;4;3;4;4;2;2;1;4;4;4;4;4;3;2;3;3;4;2;4
10420728368;1;1;1;540;5;3;5;5;4;4;4;2;4;4;5;4;4;3;4;4;4;4;4;4;4;4;4;3;4;4
10420728104;1;0;1;1260;4;4;4;4;3;4;4;2;3;3;4;3;4;3;5;3;4;4;4;3;2;3;4;3;4;4
10420685692;1;1;1;660;4;4;5;3;4;4;4;3;3;4;4;4;4;3;5;2;4;4;5;4;3;3;4;4;5;4
10420667420;1;1;1;1080;NA;4;4;3;2;4;3;2;2;4;3;3;4;2;2;5;4;2;4;4;2;4;5;4;5;4
10420664826;1;1;1;960;2;2;2;1;2;2;2;1;4;2;3;1;4;3;5;2;2;2;2;3;2;5;5;4;4;1
10420663644;1;1;1;1680;4;4;4;4;3;3;4;2;3;3;2;1;4;3;5;5;4;5;5;5;3;5;4;4;4;4
10420662173;1;1;1;1740;5;4;5;5;4;4;3;3;4;5;5;5;5;3;5;4;4;5;5;5;4;5;5;4;4;4
10420654107;1;1;1;1380;5;4;5;5;3;4;4;5;5;5;5;5;5;5;5;4;5;5;4;4;3;3;5;5;5;4
10420643305;1;1;1;780;5;5;4;4;4;5;4;3;4;5;3;4;3;4;5;5;4;4;4;4;3;3;5;5;5;4
10420617699;1;1;1;900;4;4;4;3;4;5;5;3;3;3;4;2;5;4;2;5;4;4;4;5;4;4;5;4;3;5
10420603680;1;1;1;600;4;4;5;5;3;2;4;2;4;5;3;4;2;5;5;4;3;2;3;3;4;3;5;3;4;2
10420602223;1;1;1;1380;4;5;5;5;5;5;4;4;1;5;5;1;5;5;5;5;5;5;5;5;5;5;5;5;5;4
10420578633;1;1;1;1020;4;4;5;4;3;4;4;2;3;4;2;2;4;3;5;5;4;4;3;3;5;4;4;4;3;5
10420565744;1;1;1;1260;4;4;3;4;4;5;4;3;3;4;5;3;4;4;5;3;4;4;4;4;3;4;4;3;4;4
10420565359;1;1;1;1800;4;3;3;2;4;5;3;2;3;3;4;3;3;3;3;3;3;3;5;4;3;4;3;3;3;5
10420563860;1;1;1;960;4;4;4;4;4;5;4;4;4;4;4;NA;4;4;4;3;4;4;4;4;3;4;5;4;4;4
10420563459;1;0;1;780;4;4;5;4;4;5;4;2;4;4;5;3;4;2;5;4;4;4;4;4;4;4;4;4;4;5
10420552200;1;1;1;720;4;4;5;4;5;5;5;1;5;5;5;5;5;5;5;5;5;5;5;5;5;5;4;4;4;4
10420529386;1;1;1;1260;4;3;5;3;4;4;4;2;4;5;5;3;5;4;5;3;4;4;4;4;4;4;4;2;4;4
10420525979;1;1;1;1860;2;3;4;2;2;2;1;3;4;2;3;3;4;4;5;4;2;2;2;3;2;3;4;3;4;2
10420515213;1;1;1;1740;5;5;3;3;4;4;4;3;4;5;4;4;3;4;4;4;4;4;4;3;5;4;4;3;4;5
10420512985;1;1;1;1140;4;4;4;4;2;4;4;2;4;3;4;5;4;4;5;3;4;3;4;4;3;4;4;4;5;4
10420509995;1;1;1;600;4;4;4;4;3;3;4;4;2;3;3;4;3;3;4;3;3;3;4;3;3;3;3;4;4;4
10420488350;1;0;1;840;4;4;5;5;3;3;4;4;4;4;5;5;4;3;5;5;4;5;3;2;5;2;4;5;4;4
10420485486;1;1;1;900;4;4;4;4;4;5;3;4;3;3;4;3;3;4;4;4;3;3;3;4;4;4;5;5;5;5
10420472068;1;1;1;540;5;5;5;5;4;4;5;4;5;5;5;5;5;5;5;5;5;5;5;4;5;4;5;5;5;5
10420469728;1;1;1;1980;4;2;3;3;2;3;2;2;3;1;2;1;4;1;5;2;2;2;2;3;2;3;3;2;4;2
10420468029;1;1;1;900;4;4;4;4;3;5;5;4;4;3;5;3;3;2;4;4;4;3;3;3;3;3;4;2;3;3
10420463039;1;0;1;2760;4;4;4;2;3;4;2;3;3;3;2;3;3;3;3;2;2;3;3;3;2;2;3;4;3;2
10420460467;1;1;1;840;4;4;3;4;3;3;4;2;4;4;3;3;3;3;4;5;4;4;4;3;2;3;3;4;4;4
10420457209;1;1;1;660;4;4;4;5;4;4;5;3;3;4;4;4;4;5;4;4;4;4;4;4;4;4;5;5;5;4
10420439191;1;1;1;1200;4;4;5;5;3;3;2;4;4;5;3;5;5;4;5;3;5;5;4;4;4;4;4;4;4;5
10420435510;1;1;1;1140;4;4;5;5;3;4;3;2;3;3;3;4;4;4;5;2;3;3;3;3;3;3;4;4;5;4
10420430554;1;1;1;960;5;4;4;4;4;4;4;4;4;4;4;5;5;4;5;4;4;4;4;5;3;5;5;5;5;3
10420420103;1;1;1;1620;5;5;5;4;5;5;4;3;4;5;5;3;4;5;5;4;5;4;5;5;2;5;5;4;5;4
10420416996;1;1;1;660;2;4;4;2;2;2;3;3;3;3;3;4;4;3;5;4;4;4;4;3;3;3;3;4;4;4
10420408807;1;1;1;960;4;4;4;5;3;4;3;4;1;3;4;4;2;4;4;4;2;2;2;2;3;4;4;3;2;4
10420408070;1;1;1;1140;4;5;4;5;5;4;4;4;2;4;4;4;3;3;4;3;4;4;5;4;4;2;4;2;4;4
10420406686;1;1;1;960;2;2;3;2;2;1;2;2;2;2;2;5;4;2;5;5;2;2;5;5;5;5;3;4;2;1
10420395353;1;1;1;1080;4;3;3;3;3;3;3;1;3;3;3;2;4;3;3;3;4;4;3;3;2;3;4;2;4;4
10420390276;1;1;1;780;4;4;5;5;5;5;4;3;3;4;4;3;5;2;5;4;4;4;4;3;3;2;5;3;3;5
10420388101;1;0;1;440220;4;4;4;3;3;3;5;3;4;3;4;4;4;4;4;4;4;4;4;4;4;4;5;4;4;4
10420374547;1;1;1;840;3;3;4;4;4;4;4;3;3;4;4;4;3;4;4;2;4;4;4;4;4;4;4;4;3;4
10420353466;1;0;1;235380;4;4;5;5;4;4;4;2;3;4;5;5;4;4;5;4;4;4;3;4;4;3;4;4;5;4
10420344979;1;1;1;3360;2;3;4;4;2;5;4;2;3;3;4;3;4;3;4;2;2;2;3;2;3;3;2;2;4;5
10420343577;1;1;1;660;5;5;5;5;5;5;5;4;5;5;5;4;4;5;5;5;5;5;5;4;2;4;5;4;3;5
10420341497;1;1;1;900;1;4;5;2;2;1;3;4;4;3;4;2;2;1;4;2;5;5;5;5;5;5;4;5;3;2
10420340685;1;1;0;720;4;3;3;4;3;3;4;3;3;3;2;1;1;2;3;3;3;3;3;3;3;3;3;2;2;3
10420326299;1;1;1;6480;4;4;5;2;3;2;5;2;3;3;5;5;3;3;3;2;3;4;4;3;4;4;4;5;3;4
10420324375;1;1;1;1080;4;3;4;2;3;4;4;3;3;3;4;2;5;3;4;3;4;3;4;5;5;4;4;2;4;4
10420321925;1;1;1;1020;4;NA;4;4;4;4;3;4;4;4;4;4;4;4;5;4;4;4;4;4;3;4;4;4;4;4
10420318200;1;1;1;660;5;4;3;4;4;4;4;4;4;3;4;5;4;3;5;3;4;4;3;3;3;3;5;4;5;4
10420317136;1;1;1;540;4;4;5;5;3;5;5;4;5;5;5;4;5;5;5;3;5;5;5;4;4;4;4;3;3;4
10420313048;1;1;0;420;4;3;3;3;3;3;3;3;4;4;3;3;3;3;4;3;3;3;3;3;3;3;3;3;3;4
10420311869;1;1;1;1380;4;4;3;4;3;5;3;2;2;3;2;3;3;2;4;4;4;4;4;4;5;4;5;3;3;4
10420304841;1;1;1;6120;4;3;4;5;3;2;3;3;4;3;3;4;4;4;3;3;3;2;3;4;3;3;4;4;3;3
10420304296;1;1;0;1740;5;4;5;4;4;4;3;4;4;4;5;5;1;4;5;2;5;5;5;5;5;5;5;5;5;4
10420292249;1;1;1;420;5;5;5;5;5;5;5;2;4;5;5;4;5;5;3;2;5;5;5;5;5;5;5;3;3;5
10420289331;1;1;1;420;3;2;5;3;1;5;3;2;3;3;5;5;5;3;5;2;4;4;3;3;4;3;3;2;2;3
10420288878;1;1;1;1680;3;4;5;3;3;3;4;3;3;4;4;4;4;3;4;3;3;3;4;NA;3;NA;3;4;3;4
10420287792;1;1;1;660;4;4;5;5;3;5;5;3;3;4;4;2;5;3;5;4;5;5;5;5;5;4;3;4;5;5
10420284773;1;1;1;1200;3;4;5;5;1;1;4;2;2;4;4;5;4;3;5;4;4;4;4;4;5;5;4;3;2;5
10420280094;1;1;1;1320;5;5;5;5;4;4;4;3;4;3;3;3;4;3;4;3;4;4;4;4;3;4;5;5;4;5
10420278495;1;1;1;780;4;5;4;3;3;5;4;3;4;4;4;3;4;4;4;4;4;4;4;4;4;4;4;4;4;5
10420273959;1;1;1;480;4;4;4;5;3;4;4;4;3;4;5;3;4;3;5;3;4;4;3;3;3;3;3;4;4;4
10420273930;1;1;1;8160;2;1;4;2;3;4;3;3;4;2;2;2;3;3;2;2;2;2;2;3;2;3;5;4;3;3
10420247352;1;1;1;960;4;5;4;4;4;5;3;4;4;3;4;3;5;3;5;2;2;2;4;2;2;3;2;2;5;3
10420242384;1;1;1;720;4;4;4;4;3;3;2;1;4;2;3;4;5;4;4;3;5;5;2;3;5;2;3;4;3;3
10420234017;1;1;1;1080;3;2;4;5;3;3;3;1;3;4;4;4;3;3;4;3;4;2;3;3;2;3;5;4;3;4
10420232674;1;1;1;1020;4;4;3;4;4;4;4;4;4;4;4;4;4;4;4;3;4;4;4;4;3;4;4;4;4;4
10420232294;1;1;1;540;NA;4;3;4;4;5;5;2;4;4;4;3;5;4;5;4;4;4;4;4;4;4;4;4;4;4
10420232236;1;1;1;540;4;4;4;NA;3;4;5;2;4;5;5;5;5;5;5;4;4;4;4;4;4;4;4;3;3;4
10420229154;1;1;1;463500;3;2;4;3;2;2;2;2;3;2;1;1;2;2;4;2;3;3;2;2;2;2;3;2;2;1
10420225342;1;1;1;780;4;4;4;4;3;4;5;4;4;3;5;4;3;3;5;3;4;4;4;4;4;4;4;4;4;4
10420224259;1;1;1;780;3;2;3;3;2;4;4;3;3;3;3;3;4;3;3;NA;4;3;2;3;3;2;5;3;3;3
10420216758;1;1;1;660;4;NA;5;4;3;4;4;3;4;4;4;3;4;3;4;3;4;4;4;4;4;4;4;4;4;4
10420215672;1;1;1;900;3;2;2;2;3;3;2;2;2;2;2;2;2;3;2;2;3;2;2;3;3;3;3;2;2;1
10420213369;1;1;1;840;4;2;3;3;3;4;4;3;5;4;4;3;4;4;4;2;4;4;4;3;3;2;5;4;3;3
10420213131;1;1;1;900;5;5;5;5;4;5;5;4;4;5;5;5;5;3;5;5;5;5;4;5;4;4;4;4;4;4
10420212381;1;1;1;4020;3;3;5;4;3;5;4;3;3;3;2;2;4;2;5;3;3;3;3;2;4;2;5;5;5;4
10420208639;1;1;1;2280;3;3;2;3;2;4;4;2;3;4;4;1;4;2;3;5;2;2;3;5;3;5;3;2;2;4
10420208058;1;1;1;1140;4;4;4;5;4;5;4;2;3;4;5;4;4;4;4;5;4;4;5;4;4;4;4;4;4;4
10420208013;1;0;1;960;NA;5;5;5;4;4;5;4;5;5;5;5;5;5;5;4;5;4;5;4;5;4;5;5;5;5
10420207479;1;1;1;420;4;4;5;5;4;4;4;4;4;4;4;4;4;4;4;3;4;4;4;5;4;3;4;4;4;5
10420206323;1;1;1;960;4;4;4;2;3;4;4;3;2;3;4;2;3;2;4;3;4;4;4;5;4;5;4;3;3;3
10420205154;1;1;1;1200;4;4;5;4;4;5;4;4;3;3;3;2;5;3;4;2;2;2;2;4;4;4;5;4;4;4
10420203860;1;1;1;600;4;4;5;5;4;5;4;3;4;4;4;3;4;3;5;4;4;4;4;4;3;4;4;4;4;5
10420201051;1;1;1;480;3;3;5;4;3;4;4;3;2;3;3;3;4;3;4;3;4;4;4;3;3;2;4;2;4;4
10420195397;1;1;1;3420;4;2;4;3;3;4;4;3;4;4;2;3;4;2;4;4;4;4;3;4;2;3;3;2;4;4
10420192665;1;1;1;110040;4;4;5;5;4;4;4;3;5;3;4;5;4;4;5;4;4;4;4;4;3;4;5;5;5;4
10420186342;1;1;1;1380;4;4;4;4;4;4;4;3;4;4;4;4;4;4;4;4;4;4;4;4;4;4;5;4;4;5
10420183418;1;1;1;660;3;1;4;2;2;1;2;1;2;2;2;3;3;3;2;5;2;2;5;5;2;2;5;5;5;1
10420181218;1;1;1;1140;3;4;2;3;4;4;4;4;4;2;4;2;4;3;5;3;3;3;4;5;3;5;5;2;5;5
10420181095;1;1;1;720;4;4;5;5;4;5;4;3;4;4;5;3;4;4;5;5;5;5;5;5;2;4;5;4;3;4
10420175883;1;1;1;660;3;3;5;5;3;5;4;3;3;3;3;2;4;1;4;4;4;4;3;4;3;3;5;5;3;3
10420175490;1;1;1;1080;4;4;5;5;4;5;4;4;3;5;5;5;3;4;5;5;4;4;4;3;5;4;2;5;4;4
10420174580;1;1;1;840;4;5;5;5;4;4;4;4;4;4;4;5;4;4;4;3;4;4;4;5;4;4;5;5;4;4
10420173065;1;1;1;540;4;4;5;5;3;3;3;3;3;3;3;2;4;3;5;3;3;3;2;4;3;3;5;5;4;4
10420170331;1;1;1;1500;4;4;5;4;2;4;1;1;3;5;4;3;4;4;4;2;4;3;4;4;3;4;5;2;4;4
10420169538;1;1;1;660;4;3;5;2;3;3;2;3;4;3;2;3;4;3;4;2;2;2;2;3;2;4;4;4;4;4
10420163067;1;1;1;900;2;3;5;5;2;5;4;3;4;3;3;2;4;2;5;2;4;4;2;4;3;5;5;4;2;4
10420162393;0;1;1;540;3;3;4;4;3;3;3;3;3;3;3;3;3;3;5;4;3;4;4;4;4;4;4;4;4;4
10420162146;1;1;1;600;4;4;2;5;3;3;3;2;3;3;4;3;4;3;4;2;2;4;2;4;3;2;5;2;5;2
10420158787;1;1;1;1320;4;4;4;5;4;4;3;3;3;4;3;3;4;3;5;4;4;4;4;4;5;3;5;4;4;4
10420151404;1;1;1;900;4;4;5;5;4;5;4;3;5;4;5;5;5;4;5;5;5;5;5;5;5;4;5;5;5;4
10420151270;1;1;1;3840;2;3;3;4;2;4;4;1;2;3;4;3;3;2;4;3;4;4;4;4;2;4;3;3;2;1
10420151140;1;1;1;600;4;4;5;4;4;4;5;4;4;5;5;5;5;5;5;5;5;5;4;4;4;4;4;5;5;5
10420147005;1;0;1;720;4;4;5;5;3;4;4;2;4;4;4;3;4;3;5;4;4;4;4;4;4;4;4;4;4;4
10420146451;1;1;1;840;4;4;4;4;4;4;4;3;3;4;4;4;4;4;5;5;5;5;4;4;4;4;4;4;4;4
10420144900;1;1;1;780;4;4;4;4;3;4;4;4;3;4;4;3;4;3;4;3;4;4;4;4;4;4;4;3;4;5
10420141732;1;1;1;4560;4;4;4;5;2;3;4;2;3;3;4;2;4;2;5;3;4;4;4;3;2;3;4;3;4;4
10420141154;1;1;1;660;5;4;5;4;3;4;4;5;5;3;2;5;5;5;4;3;4;4;4;3;3;3;5;5;5;4
10420141134;1;1;1;660;4;4;4;4;4;5;4;4;4;4;5;5;4;5;5;5;5;5;5;5;5;5;5;5;5;5
10420139883;1;1;1;1080;4;4;5;5;4;5;4;4;4;5;5;2;4;4;5;4;4;5;4;4;4;4;4;4;4;4
10420137066;1;1;1;12540;4;4;4;4;4;5;4;4;3;4;4;5;5;3;5;3;4;4;3;2;4;4;5;4;5;4
10420136404;1;1;1;1200;5;4;4;4;4;4;4;4;4;4;4;4;4;4;5;5;4;4;4;4;4;4;4;4;4;5
10420130585;1;1;1;4260;3;4;4;3;3;3;4;2;2;4;4;3;3;3;3;3;4;3;4;NA;NA;4;3;3;2;4
10420130298;1;1;1;1020;2;2;4;2;1;2;3;2;3;3;3;2;3;1;4;2;3;2;2;4;2;3;4;2;3;4
10420128488;1;1;1;900;3;3;3;3;3;4;3;4;3;3;3;2;3;2;4;4;3;3;3;3;4;2;5;2;4;3
10420128406;1;1;1;600;1;4;4;4;3;2;4;1;4;4;5;3;4;3;5;5;4;4;4;2;4;4;4;5;2;4
10420120006;1;1;1;2280;5;4;2;3;4;4;3;3;5;3;5;3;4;4;3;2;2;2;4;4;2;4;5;2;3;3
10420117939;1;1;1;480;3;3;4;4;3;4;4;2;5;4;5;2;2;1;4;4;4;4;4;3;3;2;4;3;4;5
10420116258;1;1;1;1080;4;4;5;5;3;4;4;4;4;4;4;4;4;4;4;4;4;4;4;4;4;4;4;4;4;5
10420115812;1;1;0;840;4;4;2;3;4;NA;NA;NA;4;5;5;3;4;2;4;5;5;5;5;5;5;5;5;5;5;5
10420113694;1;1;1;439080;5;5;5;5;3;4;4;3;4;4;4;4;4;3;5;4;4;4;4;4;4;4;4;4;4;5
10420108760;1;1;1;660;4;5;5;4;4;4;4;3;5;5;5;5;5;5;5;3;5;5;5;5;5;4;4;4;4;4
10420108206;1;1;1;600;4;4;4;4;4;4;4;4;4;4;4;3;3;3;4;4;4;4;4;4;4;4;4;4;4;4
10420105068;1;1;1;1440;4;3;5;5;4;4;4;4;4;3;3;5;3;2;5;3;4;4;4;2;2;2;4;4;4;4
10420104596;1;1;1;720;4;4;3;4;3;4;2;2;4;4;2;3;4;2;5;4;5;5;5;3;4;2;2;5;5;4
10420104526;1;1;1;1020;4;3;3;2;4;5;5;4;5;3;3;4;4;NA;5;5;4;4;5;4;4;4;5;5;5;4
10420104313;1;0;1;840;3;4;5;5;4;4;4;4;4;4;5;3;4;4;5;4;4;4;4;4;3;4;3;4;4;5
10420097137;NA;1;1;900;2;1;2;2;1;2;3;1;2;2;3;2;4;2;5;3;2;2;3;4;4;4;3;4;3;4
10420095529;1;0;1;540;3;3;3;2;3;3;4;2;3;3;4;2;5;2;5;3;5;5;3;3;2;3;2;3;5;5
10420094665;1;1;1;840;4;4;3;5;3;5;5;5;5;3;4;3;4;4;5;2;4;5;4;4;2;4;5;3;3;4
10420092771;1;1;1;480;4;4;5;5;3;4;4;3;4;4;4;3;3;4;5;4;4;4;4;5;5;5;5;5;5;4
10420092378;1;1;1;900;4;3;5;5;3;4;3;3;4;3;2;4;2;2;4;4;5;5;4;3;4;4;4;2;3;4
10420090485;1;1;1;900;3;2;3;3;2;3;3;1;4;3;2;2;2;1;3;2;3;3;3;2;3;2;2;2;2;2
10420090200;1;1;1;2100;4;4;3;4;4;5;4;4;3;3;4;4;4;4;4;4;3;4;4;5;4;4;5;4;2;4
10420089480;1;1;1;900;2;1;2;2;2;2;2;2;3;2;2;5;4;5;4;4;2;2;2;5;5;2;5;5;5;2
10420087054;1;1;1;660;4;4;5;5;3;4;4;2;4;3;3;3;5;4;5;3;4;4;4;4;5;5;4;4;3;3
10420084328;1;1;1;1320;4;3;5;5;4;3;3;3;4;5;3;3;3;4;5;3;4;3;4;3;4;4;5;4;3;5
10420082231;1;1;1;1200;4;4;5;5;5;5;5;4;3;5;5;4;4;5;5;5;5;5;5;4;2;5;4;3;4;5
10420079026;1;1;1;1320;5;5;5;5;3;3;4;4;4;4;5;5;4;4;5;4;3;3;3;3;2;3;4;4;5;5
10420076168;1;1;1;1080;2;4;4;4;2;4;3;2;3;2;4;2;2;2;4;2;2;2;2;3;3;3;3;2;4;3
10420076011;1;1;1;720;5;4;4;4;3;4;5;4;5;5;5;5;4;5;5;3;5;5;5;4;4;3;5;5;5;5
10420075707;1;1;1;480;3;3;5;5;3;4;4;3;2;3;3;2;2;2;4;3;4;3;3;3;4;2;2;2;2;4
10420075650;1;0;1;840;3;4;4;5;3;3;3;2;3;3;4;3;3;3;4;4;4;4;4;4;4;4;4;4;4;4
10420073810;1;1;1;5820;5;5;5;5;4;5;3;4;5;5;5;4;5;4;5;5;5;5;5;4;4;4;5;5;4;5
10420073785;1;1;1;1380;4;5;3;4;4;5;4;4;4;5;5;5;4;4;5;5;5;5;4;5;3;4;5;4;5;4
10420072703;1;1;1;840;2;4;5;5;3;3;3;2;4;3;4;3;4;3;5;4;4;4;2;4;3;3;4;3;3;4
10420069934;1;1;1;2100;5;4;4;4;NA;4;4;3;2;4;4;4;4;4;5;4;4;4;4;4;3;3;5;5;5;4
10420069546;1;1;1;480;4;3;5;5;4;3;4;4;4;4;4;4;4;4;5;4;4;4;3;3;3;4;5;4;4;4
10420069463;1;1;1;660;5;5;5;5;4;5;4;5;5;5;5;4;4;4;4;5;5;5;5;5;5;4;5;5;5;4
10420068757;1;1;1;1620;2;3;3;3;2;2;2;1;4;3;3;4;5;3;4;5;4;4;3;4;3;3;2;4;4;2
10420068340;1;1;1;1020;2;3;4;5;3;2;2;2;2;3;4;2;3;2;3;3;3;3;2;2;3;3;2;3;3;3
10420068304;1;1;1;660;4;4;4;4;4;5;4;4;4;4;4;4;4;5;5;5;4;4;4;4;4;4;4;4;4;4
10420067866;1;1;1;1800;3;2;3;3;3;3;3;2;3;3;3;2;3;3;4;3;3;3;3;3;3;3;3;2;3;4
10420067847;1;1;1;540;3;3;3;3;3;3;3;2;4;3;4;3;2;3;4;5;4;4;4;3;4;4;4;3;4;4
10420065379;1;1;1;960;4;5;5;5;4;4;5;2;4;5;5;5;4;4;5;5;5;5;4;4;5;5;5;3;2;4
10420065302;1;1;1;420;4;2;4;5;4;4;4;4;4;4;3;3;4;3;4;4;4;5;4;4;4;3;3;2;5;3
10420063676;1;1;1;780;4;3;4;5;3;5;4;4;4;4;4;4;4;4;5;5;4;4;4;4;4;4;5;4;4;5
10420063150;1;1;1;840;4;3;4;4;3;5;4;3;4;4;5;2;4;4;5;3;4;4;4;4;3;3;4;4;4;4
10420063123;1;0;NA;441360;3;5;5;2;4;4;4;4;4;4;5;1;3;3;4;4;4;2;NA;3;2;3;5;3;5;5
10420062937;1;1;1;600;3;4;4;5;3;2;4;4;4;3;4;5;5;5;5;3;4;4;3;3;3;3;3;3;5;4
10420062869;1;1;1;1020;4;5;5;5;3;2;4;4;4;2;3;3;5;3;5;2;5;4;3;5;2;4;5;5;5;3
10420062587;1;1;1;720;4;4;3;4;4;4;4;3;4;4;5;3;4;4;4;3;4;4;4;4;4;4;4;4;4;4
10420062488;1;1;1;900;4;4;5;4;4;5;4;NA;3;4;5;4;3;4;5;4;4;4;4;3;4;3;4;4;4;4
10420062369;1;1;1;900;4;3;5;4;4;5;3;2;4;4;3;3;4;4;3;2;4;4;4;3;4;3;3;3;2;3
10420062302;1;1;1;600;4;5;5;5;4;5;4;4;4;4;5;4;5;4;5;5;4;4;4;4;4;4;4;4;3;5
10420062235;1;1;1;900;3;2;5;3;2;3;3;3;3;3;4;3;5;3;4;4;3;2;2;2;2;2;4;3;5;3
10420062108;1;1;1;7740;4;4;5;4;4;5;2;1;2;5;4;3;4;4;5;3;4;2;3;4;5;4;4;4;2;5
10420061594;1;1;1;1020;4;4;5;4;3;2;3;2;2;4;3;3;3;4;4;4;4;2;4;4;4;3;2;2;4;4
10420061493;1;1;1;900;3;4;5;4;4;5;5;1;5;3;4;1;5;1;5;2;4;4;4;5;2;5;2;5;3;4
10420061164;1;1;1;480;4;4;5;5;4;5;3;2;2;4;5;5;5;5;5;4;4;4;5;5;4;4;5;5;4;5
10420060808;1;0;1;420;5;4;4;5;5;5;4;3;4;5;4;4;5;3;5;4;5;5;5;5;4;5;4;4;4;4
10420060800;1;1;1;480;4;3;2;2;4;4;4;3;3;3;3;4;4;4;4;3;4;3;3;3;4;2;2;4;4;5
10420060263;1;0;1;780;4;4;4;5;4;4;4;3;3;4;3;4;4;3;4;4;4;4;4;4;4;4;4;4;4;5
10420060189;1;1;1;11640;3;3;2;3;2;2;3;4;3;2;3;2;3;2;2;4;2;2;3;2;2;2;5;3;5;4
10420058985;1;1;1;780;4;3;4;5;4;4;4;2;4;4;3;2;3;2;4;3;4;4;4;4;4;3;3;2;2;4
10420058898;1;1;1;960;4;4;5;5;3;2;3;4;3;3;4;5;5;4;4;3;4;4;4;4;3;3;4;5;5;4
10420058838;1;1;1;780;4;4;5;5;4;5;4;4;5;5;5;3;5;4;5;4;5;5;5;4;3;4;3;5;4;5
10420058751;1;1;1;480;5;5;5;5;4;4;4;3;5;4;5;5;5;5;5;5;4;4;4;5;5;5;5;5;5;5
10420058558;1;1;1;1260;4;4;4;4;3;4;2;3;2;3;4;4;4;3;5;2;4;3;3;3;4;4;2;3;3;4
10420058554;1;1;1;4740;4;3;3;4;3;4;3;3;3;3;3;1;2;3;4;2;2;5;5;3;2;2;5;3;3;1
10420058003;1;1;1;720;3;3;4;4;3;4;4;4;3;3;4;3;4;3;4;2;3;3;3;3;3;3;3;3;3;4
10420057322;1;1;1;1080;4;4;4;5;3;5;4;2;3;4;3;3;4;3;5;4;4;4;5;4;4;3;2;3;4;4
10420056948;1;1;1;540;3;3;3;3;3;3;4;4;4;3;4;3;3;3;4;4;4;3;3;3;3;3;4;3;4;4
10420056762;1;1;1;960;4;4;5;3;4;4;5;4;4;5;5;3;4;4;5;4;5;5;5;3;4;3;4;3;4;4
10420055857;1;0;1;540;4;4;5;5;4;5;4;1;4;5;5;1;3;3;5;4;4;4;3;4;2;3;5;5;4;4
10420055789;1;1;1;540;5;4;5;5;4;5;4;2;5;4;5;4;4;4;5;4;4;4;5;5;4;5;5;5;5;5
10420054863;1;1;1;1380;4;3;4;4;3;3;3;1;3;4;4;4;5;3;4;4;4;3;4;3;3;3;3;5;5;3
10420053879;1;1;0;660;5;5;5;5;5;5;5;5;5;5;5;5;5;5;5;5;5;5;5;5;5;5;5;5;5;5
10420053271;1;1;1;660;4;4;4;4;4;5;4;4;4;4;5;3;4;4;5;5;5;4;3;4;4;4;4;4;4;5
10420053251;1;1;1;1560;3;2;4;5;2;3;2;1;2;3;3;3;4;3;4;2;3;3;3;3;3;3;2;2;4;4
10420051352;1;1;1;3240;2;1;4;4;3;2;3;2;3;2;2;1;2;2;2;2;2;2;2;3;3;3;4;3;3;2
10420050951;1;1;1;720;5;3;2;4;4;5;3;2;3;3;3;4;4;5;5;2;3;4;4;3;2;4;5;3;3;3
10420049647;1;1;1;600;3;4;2;5;3;3;3;3;4;3;5;3;4;3;5;2;3;3;2;3;2;3;4;2;3;3
10420048588;1;1;1;660;4;4;4;4;4;4;3;3;4;4;3;3;4;4;5;5;4;4;5;4;5;4;4;4;4;4
10419824882;1;1;1;600;5;5;5;5;4;4;4;4;4;3;4;4;4;4;5;4;4;4;4;4;4;4;4;4;5;4
10419197325;1;1;1;600;3;4;5;5;3;2;2;3;2;3;3;2;2;3;3;3;3;2;3;2;3;2;2;4;2;4
10417792690;1;1;0;2460;4;3;2;5;NA;NA;3;2;4;4;4;3;4;4;5;4;4;4;3;5;2;4;4;4;5;3
10416851164;1;1;1;1260;4;4;5;4;4;5;4;3;4;4;5;5;5;3;5;4;2;4;4;5;4;4;5;5;5;4
10416741098;1;1;1;840;3;2;4;4;3;2;3;1;3;3;5;3;4;4;3;2;3;3;2;2;3;3;2;5;2;1
10415572227;1;0;1;1080;3;4;5;5;3;4;2;2;3;4;3;2;3;3;5;4;4;5;2;3;5;2;5;2;5;3
10415174266;1;1;1;1560;4;5;2;1;5;5;4;4;5;5;5;3;5;2;4;5;4;4;5;5;5;4;5;4;4;4
10414344073;1;1;1;900;3;3;4;5;3;4;3;4;2;5;1;3;3;3;5;4;4;3;2;3;5;3;2;2;3;5
10414135174;1;1;1;1200;2;2;3;2;3;4;3;3;3;3;3;3;3;2;3;2;2;2;2;3;3;3;2;2;2;3
10413037490;1;1;1;780;4;4;5;5;2;3;1;2;3;3;4;3;3;3;4;2;3;4;3;3;2;3;2;3;4;2
10413034438;1;0;1;780;4;4;5;5;4;4;3;4;4;3;4;3;3;3;5;5;5;4;5;5;3;4;5;3;5;5
10412901278;1;1;1;720;5;4;3;4;4;4;3;4;4;3;3;4;4;3;4;4;4;3;3;4;4;4;5;5;5;4
10412119238;1;0;1;600;5;4;3;4;4;4;3;4;4;3;4;4;4;3;4;2;4;3;4;4;5;4;5;4;5;4
10411144520;1;1;1;1200;4;4;5;5;4;5;4;3;3;4;5;4;3;3;5;4;4;5;4;4;4;5;5;3;4;4
10411055071;1;1;1;720;2;2;5;4;4;5;3;3;4;4;3;3;4;3;4;2;4;4;4;3;3;4;5;5;4;4
10410916444;1;1;1;720;4;4;4;4;4;4;5;2;4;4;3;4;4;3;5;3;4;5;4;4;5;4;5;2;2;4
10410724157;1;1;1;600;5;5;5;5;4;5;4;5;4;4;5;3;4;5;5;4;5;5;5;5;5;5;5;4;2;4
10410156139;1;1;1;1620;1;3;5;4;5;5;5;3;5;5;5;2;3;3;5;4;4;5;5;3;5;3;2;2;4;3
10409537475;1;1;1;1920;5;4;4;5;4;4;4;4;4;4;5;4;4;4;5;4;4;4;4;3;4;3;5;4;5;4
10409272102;1;1;1;600;4;4;5;4;4;5;3;3;4;3;4;4;4;4;4;4;3;3;4;3;4;3;4;5;5;4
10409269944;1;1;1;720;4;4;5;5;4;5;4;4;4;4;4;3;4;4;5;4;4;4;4;4;4;4;4;4;4;5
10409130599;1;1;1;7680;3;3;3;4;4;NA;3;3;4;3;3;3;3;3;4;2;3;3;3;3;2;3;2;3;3;4
10409096835;1;1;1;780;4;4;4;4;3;3;3;3;4;4;4;4;4;4;4;3;4;4;4;4;2;3;5;4;4;4
10408851660;1;1;1;1200;3;2;2;2;2;3;3;2;3;3;2;2;4;2;3;3;4;4;4;4;5;4;4;4;3;3
10408716960;0;NA;1;1620;2;2;2;2;2;2;2;2;2;2;2;2;2;2;2;NA;2;2;2;2;2;2;4;4;4;4
10408632355;1;1;1;1320;4;2;5;5;4;5;3;4;4;3;4;2;4;4;5;4;4;4;3;4;2;4;4;3;3;5
10408158468;1;1;1;900;4;4;3;4;3;4;4;3;3;5;4;3;5;3;5;5;5;5;4;4;3;3;4;4;4;4
10407999421;1;1;1;540;4;4;4;5;3;4;4;4;4;4;5;5;4;4;5;4;4;4;4;4;4;4;5;4;4;5
10407400754;1;1;1;1260;5;5;5;5;4;4;4;3;4;5;5;5;5;4;5;4;5;5;5;5;4;4;5;4;5;5
10407216169;1;1;1;2100;3;1;4;1;2;2;3;4;1;2;5;3;4;3;3;2;5;5;2;5;5;2;2;4;2;3
10407201435;1;1;1;660;4;4;5;5;3;5;4;2;4;4;4;4;4;4;5;3;2;3;4;3;3;3;5;4;5;5
10407161728;1;1;1;600;4;4;5;4;4;4;4;4;3;4;4;5;4;4;5;4;4;4;4;4;3;4;5;5;4;4
10407102696;1;1;1;840;1;3;5;3;2;3;3;4;3;2;2;5;4;1;3;3;2;2;2;3;5;3;5;3;5;4
10406923930;1;0;1;960;5;5;5;5;4;3;5;3;4;5;3;5;5;4;5;3;5;5;4;4;4;4;3;4;4;5
10406921557;1;0;1;540;3;2;3;3;2;3;3;2;2;3;4;4;4;4;3;5;2;2;3;2;2;2;4;2;3;4
10406829376;1;1;1;840;5;4;4;4;4;5;4;4;4;5;4;4;4;4;5;4;4;4;5;4;4;4;4;4;4;4
10406829327;NA;1;1;660;3;3;2;2;3;3;3;4;5;NA;2;3;3;3;4;NA;4;2;3;4;2;3;4;4;4;4
10406527343;1;1;1;1440;4;4;3;2;3;4;4;3;2;3;3;4;3;4;4;2;3;4;4;2;2;2;2;4;4;3
10406498563;1;1;1;1260;4;4;5;3;5;5;4;3;3;5;5;5;5;4;5;5;5;5;5;4;5;4;4;4;4;5
10406454481;1;1;1;3120;4;3;3;3;3;3;3;2;3;3;3;3;3;3;4;2;3;3;2;2;2;2;4;4;4;2
10406440817;1;1;NA;1500;5;4;5;5;3;4;3;4;4;3;3;3;3;2;5;4;3;2;3;4;2;3;5;4;4;5
10406368103;1;0;1;900;4;4;4;5;3;4;4;3;3;4;5;2;3;2;2;4;4;4;5;4;4;5;4;4;3;5
10406367455;1;1;1;600;5;5;4;4;4;4;4;5;4;4;4;4;5;4;5;4;4;4;4;2;5;3;4;4;4;5
10406270522;NA;NA;NA;1140;4;4;4;3;3;5;4;3;4;4;4;3;4;3;5;4;4;5;5;4;3;5;5;4;4;5
10406217746;1;1;1;900;3;4;4;4;2;5;2;3;2;3;5;2;3;2;4;3;3;3;4;3;3;3;3;3;3;5
10406174126;1;1;1;900;4;4;5;4;2;2;3;3;3;4;3;4;4;2;5;3;4;4;3;2;4;2;2;3;2;4
10406111215;1;1;1;720;4;5;5;5;3;4;4;3;4;4;5;5;5;3;5;4;5;5;5;4;3;3;4;4;4;5
10406100209;1;1;1;1800;5;4;4;3;4;4;4;3;NA;3;5;4;4;4;4;4;4;4;4;4;4;3;5;5;5;4
10406075533;1;1;1;1620;4;4;5;4;4;4;4;1;3;5;3;5;4;4;4;4;5;5;5;3;5;5;5;2;3;5
10406012112;1;0;1;3780;4;4;4;5;4;5;4;2;3;3;4;4;4;4;5;2;3;3;4;3;4;4;4;4;4;3
10405923521;1;1;1;1560;4;4;5;5;4;5;4;3;4;5;5;3;4;3;5;4;4;5;5;5;4;4;4;5;4;5
10405818742;1;1;1;360;4;2;4;5;3;4;3;2;2;2;3;5;5;3;5;3;3;3;2;4;3;3;4;5;5;3
10404865572;1;1;1;1080;5;5;5;5;2;5;3;5;5;5;5;2;5;1;5;5;5;5;5;4;5;5;5;4;5;5
10404832950;1;1;1;720;5;4;5;5;4;5;4;3;5;5;5;5;5;5;5;5;5;5;5;4;4;4;5;3;4;5
10404746509;1;1;1;900;3;3;4;4;2;2;2;2;2;2;4;3;3;3;5;2;2;2;2;3;3;4;4;4;3;3
10404739720;1;1;1;780;3;4;5;5;3;4;5;3;4;4;4;5;4;4;5;3;4;5;4;4;5;3;4;4;4;4
10404725994;1;1;1;600;3;4;5;2;2;3;2;1;4;3;4;3;4;4;5;4;2;2;3;4;5;4;5;4;5;3
10404690547;1;1;0;1260;4;3;4;4;3;3;3;3;3;3;3;2;4;3;3;2;3;3;3;2;2;3;3;2;4;4
10404625693;1;1;1;1440;4;3;3;3;3;5;3;3;3;3;2;4;4;4;4;4;4;3;4;4;3;4;3;4;2;4
10404623494;1;1;1;1320;4;4;5;4;4;5;4;4;3;4;5;4;4;4;4;5;5;5;5;3;4;4;3;3;3;5
10404468243;1;1;1;600;2;2;4;3;3;4;3;1;2;3;3;3;3;3;4;4;3;3;3;3;3;3;3;3;3;4
10404403533;1;1;1;960;5;4;5;4;4;5;4;1;4;4;5;4;5;5;5;4;5;5;5;5;4;5;5;5;5;4
10404141681;1;1;1;1140;4;4;4;5;3;4;4;2;3;4;5;5;4;4;5;4;4;4;4;3;4;3;4;3;4;4
10404040789;1;1;1;4440;2;2;3;2;2;3;3;2;3;3;3;1;3;2;4;3;2;2;3;4;2;3;4;2;3;4
10404031592;1;1;1;1140;3;4;5;5;4;4;4;4;3;3;4;3;5;3;5;4;3;3;3;4;5;5;4;4;4;4
10403900049;1;1;1;720;3;3;4;3;2;3;4;2;3;4;4;3;4;2;5;4;4;4;4;3;4;3;2;4;4;4
10403881584;1;1;1;720;4;4;4;4;3;4;3;2;3;3;4;3;4;2;4;4;3;4;4;4;2;2;4;2;2;4
10403871263;1;1;1;1020;4;5;4;5;2;3;4;3;3;3;2;5;5;3;5;4;4;4;4;4;3;3;4;4;5;4
10403681448;1;1;1;1020;5;4;5;3;4;5;5;5;4;4;4;3;4;4;5;5;5;4;5;4;4;4;4;2;4;5
10403672741;1;1;1;2160;5;5;5;5;4;5;4;5;4;5;5;5;5;5;5;4;5;4;5;4;5;4;5;5;5;4
10403655505;1;1;1;600;5;5;5;5;5;4;5;3;4;5;5;5;4;5;5;5;5;5;5;4;5;4;5;4;5;4
10403042746;1;1;1;1140;4;5;5;5;4;5;3;3;4;4;5;5;4;3;3;2;5;4;4;5;4;5;3;4;2;4
10402618162;1;1;1;540;3;4;4;5;3;5;3;3;4;4;5;3;3;3;3;3;3;4;4;4;4;4;4;3;3;4
10402344039;1;1;1;900;4;3;3;3;2;4;4;4;3;3;3;2;3;3;5;4;3;4;4;3;2;2;4;3;3;4
10402252376;1;1;1;720;4;4;5;5;4;3;3;3;4;5;5;5;5;4;5;2;2;2;2;2;4;3;5;4;4;4
10402212218;1;1;1;49860;4;4;4;5;4;5;3;3;3;4;4;4;4;3;5;4;4;4;5;4;4;4;4;4;5;5
10402159630;1;1;1;1440;2;3;2;3;2;4;3;2;4;3;4;1;2;2;3;2;3;4;3;3;2;4;2;2;2;3
10402084969;1;1;1;1440;4;5;5;5;4;5;3;2;2;3;5;5;5;4;5;2;5;2;5;4;2;5;5;5;5;4
10401939368;1;1;1;720;3;3;4;5;2;4;4;2;4;3;3;3;3;3;4;4;4;5;3;3;4;3;4;3;4;4
10401927079;1;1;1;2400;4;5;5;5;3;4;4;4;4;4;4;3;5;3;5;5;4;4;4;3;5;3;3;2;4;4
10401866163;1;1;1;1740;3;NA;4;4;2;2;2;2;2;2;2;1;2;2;2;3;2;2;2;2;2;2;2;2;4;4
10401780360;NA;1;1;1020;4;3;4;3;5;5;5;4;3;4;4;3;4;4;4;4;5;5;5;5;5;5;5;5;5;4
10401585230;1;1;1;960;3;5;5;5;3;3;3;2;2;4;4;2;2;3;4;2;3;2;3;3;5;2;4;3;5;4
10401489844;1;1;1;1500;3;4;5;5;2;4;4;3;4;3;4;3;4;4;5;3;4;3;4;4;3;3;4;4;4;5
10401421565;1;1;1;600;4;3;5;4;3;5;4;3;3;5;5;4;4;3;5;3;4;4;4;3;4;3;4;3;4;5
10401359591;1;1;1;960;3;2;5;5;3;5;3;4;3;4;5;4;4;2;5;2;4;4;4;3;3;3;2;2;4;5
10401355959;1;1;1;1440;4;4;4;5;3;5;4;4;3;4;4;3;4;4;5;4;4;4;4;4;4;4;3;4;4;4
10401290632;1;1;1;420;5;5;5;4;4;4;4;4;5;4;4;4;5;4;5;2;5;4;4;4;3;4;5;5;5;4
10401281252;1;1;1;1320;4;2;3;2;3;4;4;3;4;3;5;3;4;2;3;3;2;2;3;4;2;4;5;4;4;4
10401250981;1;1;1;540;5;4;3;4;4;5;3;2;4;4;3;4;5;5;5;4;5;5;4;4;5;3;4;4;3;3
10401225650;1;1;1;1140;5;5;4;5;4;4;4;2;4;4;4;4;4;4;5;3;4;4;4;4;4;4;4;4;4;4
10401218733;1;1;1;780;3;4;5;5;3;4;4;5;5;4;2;4;5;4;5;2;2;3;2;5;5;4;5;5;5;2
10401214778;1;1;1;1020;4;4;4;4;4;4;4;2;4;4;4;4;4;4;4;4;4;4;4;4;4;4;4;4;4;4
10401179863;1;1;1;780;4;1;2;2;3;3;4;2;3;2;3;4;4;5;2;5;2;2;3;3;2;4;4;4;5;2
10401116539;1;1;1;1320;4;4;5;4;3;5;4;3;4;4;5;3;4;4;4;4;4;4;4;4;4;2;4;4;5;4
10401110315;1;1;1;540;5;4;5;4;4;4;4;3;4;4;4;3;4;5;5;4;4;5;5;3;5;4;5;5;5;5
10401058463;1;1;1;1080;4;4;5;4;3;4;5;3;4;3;5;4;4;2;5;3;4;5;5;4;3;5;3;4;3;4
10401031433;1;0;1;1680;4;4;5;5;4;4;4;4;3;4;5;3;4;4;5;4;4;4;4;3;4;3;4;2;4;4
10400900552;1;1;1;600;5;4;5;5;4;5;4;4;5;5;5;5;5;5;5;4;5;5;5;5;5;5;5;4;5;5
10400898421;1;1;1;774300;3;3;4;5;3;4;3;3;3;3;4;2;4;2;4;3;3;3;3;3;2;2;3;2;2;4
10400869941;1;1;1;2340;5;4;4;4;3;4;4;2;3;3;3;3;4;3;4;4;4;4;4;4;4;4;4;4;4;4
10400868617;1;1;1;720;4;4;4;4;4;4;4;4;4;4;4;4;4;3;5;4;4;4;4;4;5;4;4;3;4;4
10400846263;1;1;1;1200;2;1;3;5;2;3;2;2;1;2;1;1;2;1;3;2;2;2;2;2;2;4;5;3;4;2
10400817893;1;1;1;1260;5;5;5;5;3;4;3;3;4;2;4;3;4;2;5;2;3;4;4;4;4;4;4;4;4;4
10400773620;1;1;1;720;4;5;5;5;3;4;5;4;3;4;4;4;4;4;5;4;5;4;4;3;4;3;3;4;4;4
10400366777;1;1;1;1140;3;3;4;4;3;3;3;2;2;3;3;2;2;3;3;3;2;2;2;2;2;4;4;2;2;3
10400227481;1;1;1;2460;4;4;4;5;3;4;3;2;4;5;4;4;2;3;5;4;3;5;4;3;4;4;5;2;2;4
10400092187;1;1;1;840;5;5;5;5;4;4;4;4;5;4;5;5;5;4;5;2;5;5;4;2;2;2;5;5;5;4
10400030027;1;1;1;720;4;3;5;5;4;4;3;3;4;3;5;5;5;4;4;5;3;2;3;2;4;5;3;4;4;4
10400024846;1;0;1;1080;4;4;4;4;4;4;5;4;5;4;4;4;4;4;4;5;4;4;4;4;4;4;4;4;4;5
10399979426;1;1;1;480;4;3;5;4;4;5;2;4;3;3;4;3;4;5;5;4;3;3;3;4;4;4;3;5;4;4
10399972259;1;1;1;540;4;4;4;4;4;4;4;3;4;4;4;4;4;4;4;3;4;4;4;4;3;3;4;4;4;5
10399960697;1;1;1;900;4;4;5;5;2;4;5;2;3;4;5;2;3;3;4;2;4;4;5;4;2;3;2;4;3;3
10399902883;1;1;1;900;4;4;4;4;4;5;4;3;4;4;4;4;4;4;5;4;4;4;4;4;4;4;4;4;4;5
10399813026;1;1;0;1020;1;2;3;2;2;2;3;3;4;2;2;1;3;1;4;2;2;2;2;5;5;5;4;5;3;2
10399790341;1;1;1;1800;4;5;5;5;4;5;5;3;3;5;5;4;4;3;5;5;5;5;5;4;4;4;3;5;5;5
10399625569;1;0;1;2220;5;4;5;3;3;3;4;3;5;3;2;3;4;3;5;4;4;3;4;4;3;4;5;4;3;3
10399618832;1;1;1;1140;NA;4;5;3;4;4;5;4;4;5;5;4;5;2;5;5;5;5;5;4;2;5;5;3;5;5
10399593654;1;1;1;600;4;4;4;3;3;4;3;3;3;3;2;3;4;4;4;4;3;3;3;4;3;4;4;4;4;4
10399576257;1;1;1;1380;4;4;4;4;3;4;4;3;2;4;5;3;4;3;5;4;4;4;4;3;3;3;4;4;2;5
10399478917;1;1;1;1560;3;3;3;2;2;3;3;2;2;3;2;2;3;3;4;3;3;4;3;4;4;3;4;2;2;4
10399428816;1;1;1;720;5;4;4;5;4;4;4;4;4;5;5;5;4;4;5;5;5;5;4;5;4;5;4;4;5;4
10399345723;1;1;1;1320;1;NA;3;4;2;3;3;2;3;3;3;3;5;2;5;3;3;2;4;3;5;4;4;4;5;5
10399342257;1;0;1;1200;4;4;5;5;4;4;4;2;4;4;5;4;4;3;4;4;4;4;4;4;3;4;4;3;3;5
10399327217;1;1;1;840;3;3;3;2;4;4;5;3;3;3;3;3;5;4;4;3;3;2;3;3;5;4;4;3;4;4
10399280552;1;1;1;660;3;3;5;4;3;3;3;3;4;3;4;3;4;3;4;3;3;2;2;3;2;2;3;4;3;4
10399162281;1;1;1;420;5;5;5;5;4;4;4;3;3;5;5;5;4;4;5;5;5;5;5;4;5;4;4;3;4;5
10399121210;1;1;1;3240;5;2;2;4;4;5;4;3;4;2;2;4;4;4;4;5;2;2;2;4;2;3;4;4;4;4
10399108008;1;1;1;720;4;5;5;5;5;1;2;5;5;5;5;5;5;5;5;5;3;2;2;2;2;3;5;5;5;3
10399078364;1;1;1;86580;5;4;5;5;4;5;4;3;5;5;5;5;4;5;5;5;5;5;4;4;4;4;5;4;4;4
10399054815;1;1;1;2340;4;4;3;2;4;5;4;4;4;3;4;5;4;4;5;2;4;4;5;4;2;4;5;4;5;4
10399048839;1;1;1;1380;4;5;5;5;4;4;4;4;4;4;3;4;4;3;5;4;4;4;4;4;3;4;3;3;4;4
10399019116;NA;1;1;900;3;3;4;5;3;5;4;3;3;3;4;4;4;3;5;3;4;4;3;3;2;3;3;3;4;4
10398996590;1;1;1;1380;5;2;4;3;2;3;3;2;3;3;3;3;3;2;5;2;3;3;4;3;3;4;4;4;4;3
10398985941;1;1;1;480;4;4;3;3;3;3;2;2;3;3;4;3;3;2;5;2;2;3;3;3;2;3;4;3;3;4
10398969333;1;1;1;660;5;5;5;5;4;5;4;4;4;4;5;5;3;4;5;4;4;4;4;4;3;3;5;5;5;4
10398939616;1;1;1;600;5;4;4;4;4;5;5;3;4;5;4;5;5;3;5;5;5;5;5;4;4;4;5;5;5;5
10398907492;1;1;1;840;4;4;2;3;3;4;3;3;3;3;3;5;5;3;4;3;4;4;4;4;3;4;4;4;3;4
10398814455;1;1;1;420;4;4;4;5;4;4;4;3;4;4;4;5;4;4;5;4;4;4;4;4;4;4;4;4;4;5
10398802635;1;1;1;1020;4;4;4;4;4;4;4;3;2;4;4;2;3;3;5;4;4;4;4;4;4;4;3;3;4;4
10398751074;1;1;1;1200;4;3;5;4;2;5;4;3;2;4;4;3;4;3;5;2;4;4;4;4;4;4;3;4;4;4
10398739736;1;1;1;900;4;4;5;3;3;5;5;2;4;5;5;2;5;3;5;5;5;5;5;5;5;5;5;2;5;5
10398735723;1;1;1;1440;4;4;5;2;3;3;2;4;4;3;4;4;4;4;4;3;4;4;4;4;3;4;4;4;4;4
10398728247;1;1;1;2040;4;4;5;3;4;4;4;4;4;3;4;3;4;4;5;4;4;4;5;4;4;4;5;3;4;4
10398717840;1;1;1;600;4;3;4;5;3;4;3;2;2;1;3;4;4;2;5;2;2;2;4;3;3;3;3;2;2;3
10398671220;NA;0;1;600;4;3;5;4;3;5;4;3;5;3;4;3;4;3;5;4;4;4;4;3;5;4;4;4;4;4
10398654712;1;1;1;780;1;1;1;1;1;1;3;1;1;1;1;1;2;1;1;2;2;2;2;2;2;2;2;2;2;1
10398624205;1;1;1;660;2;3;4;5;2;4;4;2;2;3;3;2;4;2;4;2;4;4;3;NA;3;3;2;2;2;4
10398615133;1;1;1;900;4;4;4;4;4;4;5;4;4;5;5;3;5;4;3;4;4;4;4;5;5;3;4;4;3;4
10398614720;1;1;1;900;4;4;4;4;3;5;3;3;4;3;4;3;4;3;4;3;3;3;4;2;4;4;4;4;4;4
10398605071;1;1;1;720;4;3;4;3;3;4;4;3;2;4;5;3;4;4;5;3;4;4;4;4;5;4;3;3;4;4
10398585931;1;1;1;10140;4;4;4;5;4;4;3;4;4;4;4;4;4;4;5;4;4;4;4;4;4;3;5;4;5;4
10398538108;1;1;1;15120;5;4;5;5;4;4;4;3;4;5;4;5;4;4;5;4;4;4;4;4;5;4;4;4;4;4
10398535389;1;1;1;16680;5;5;5;5;5;5;4;4;4;5;5;4;5;4;5;5;5;5;5;5;5;5;5;2;5;5
10398531476;1;1;1;540;4;4;5;4;4;5;4;4;4;5;5;5;4;4;5;2;4;4;4;4;4;4;4;5;5;5
10398489395;1;1;1;960;4;2;3;2;3;3;4;2;4;4;3;4;4;3;3;3;2;2;3;4;2;4;4;5;2;5
10398487297;1;1;1;540;3;3;5;4;3;4;4;4;3;3;4;5;4;3;5;2;4;4;3;4;2;4;4;4;4;4
10398484384;1;1;1;1140;2;3;4;5;3;2;2;2;1;2;4;3;2;3;2;2;2;2;2;3;5;3;4;3;3;2
10398449441;1;1;1;960;4;4;5;4;5;5;4;3;4;5;5;3;5;4;5;5;5;5;5;4;4;4;5;4;5;5
10398442026;1;1;0;480;2;2;4;4;2;2;2;2;2;2;2;2;2;2;2;2;2;2;2;2;2;2;2;2;2;4
10398424606;1;1;1;780;4;4;4;4;4;5;3;3;4;3;3;3;4;3;4;3;4;3;3;3;3;3;3;4;4;3
10398409633;1;1;1;1440;3;4;5;5;3;4;4;3;4;3;5;3;5;2;4;3;4;4;4;4;4;4;4;3;4;5
10398369977;1;1;1;960;5;4;5;1;4;4;4;4;4;5;5;4;4;4;5;5;5;5;5;5;5;5;5;5;5;5
10398332952;1;1;1;480;4;4;5;5;4;4;4;4;4;4;4;2;3;3;5;NA;4;3;4;4;4;3;3;3;2;4
10398328999;1;1;1;540;3;3;1;3;3;4;3;1;4;2;4;4;4;4;4;2;2;2;3;3;3;3;4;2;2;4
10398323879;1;1;1;780;5;4;4;3;4;4;4;1;4;4;4;4;3;3;5;4;4;4;4;5;4;3;5;4;5;5
10398279446;1;0;1;1020;4;4;5;5;4;4;4;2;3;4;4;4;4;4;5;4;4;4;4;4;2;4;4;4;4;5
10398268518;1;1;1;1320;3;3;4;2;2;2;2;2;3;2;3;1;2;1;3;3;3;3;3;3;3;5;3;5;5;3
10398258446;1;1;1;600;4;3;4;3;4;3;4;3;2;3;4;2;3;3;5;3;3;3;4;4;4;4;3;4;3;3
10398231058;1;1;1;660;4;4;4;3;4;4;3;2;3;4;4;3;4;4;4;4;4;4;5;4;3;4;4;4;4;4
10398229669;1;1;1;1020;3;4;4;5;3;3;3;3;4;3;4;3;4;3;5;3;3;3;3;2;3;2;4;5;3;2
10398223534;1;1;1;900;4;5;5;5;3;5;3;3;4;3;5;4;5;3;5;5;5;5;5;4;4;4;2;5;4;5
10398223450;1;1;1;17280;4;4;5;5;3;4;4;4;3;3;4;4;4;4;4;4;4;4;4;2;2;4;4;4;4;3
10398199584;1;1;1;540;5;NA;4;5;4;4;3;4;4;5;5;5;4;4;4;4;3;3;4;4;4;4;5;3;4;4
10398194124;1;1;0;5040;4;5;5;4;3;5;3;3;4;5;5;5;5;NA;5;5;2;2;3;2;2;2;2;2;2;3
10398185479;1;1;1;660;5;5;5;5;4;5;5;3;4;4;4;4;5;4;5;4;4;5;4;4;4;4;5;5;5;4
10398179203;1;1;0;720;4;2;1;1;3;3;4;1;5;1;4;2;5;4;2;5;2;5;3;3;3;5;5;2;2;1
10398178906;1;1;1;900;3;4;5;4;2;5;4;4;4;5;5;3;3;2;5;4;5;5;5;4;4;4;4;4;4;5
10398158555;1;1;0;4080;5;5;5;5;5;5;3;1;5;5;5;3;3;1;5;5;2;2;NA;2;5;2;2;5;2;4
10398152430;1;1;1;720;3;3;4;4;2;3;4;3;3;3;3;4;4;3;4;3;2;2;3;4;2;4;4;3;4;4
10398138416;0;1;1;2460;1;2;5;2;2;1;2;1;2;3;NA;4;4;4;5;5;2;2;2;4;3;5;2;4;5;3
10398138239;1;1;1;900;5;4;5;4;4;5;4;3;4;4;4;3;4;3;5;3;4;4;4;4;4;4;5;4;4;5
10398136592;1;1;1;1920;5;5;5;5;3;5;3;2;5;5;5;4;5;3;5;3;4;4;4;4;4;4;5;4;5;5
10398133788;1;1;1;3660;5;5;5;5;4;5;5;5;5;5;5;5;5;5;5;4;5;5;5;5;4;5;5;5;5;5
10398129389;1;1;1;1380;4;4;4;4;4;5;4;3;5;5;5;5;5;4;5;4;4;3;4;5;4;3;5;4;2;5
10398120948;1;0;1;1560;1;3;5;3;1;3;3;3;3;3;2;2;3;2;4;2;2;2;2;2;2;2;4;5;4;3
10398120527;1;1;1;900;4;5;5;5;3;2;3;2;4;3;3;4;4;4;4;4;4;5;4;2;2;2;4;5;4;4
10398120231;1;1;1;660;2;2;4;3;3;2;2;4;1;2;2;3;4;2;5;3;2;2;2;3;4;5;5;5;4;2
10398117563;1;0;1;780;4;4;5;5;4;4;4;3;3;4;5;4;4;4;5;4;4;4;4;4;4;4;4;4;3;5
10398113657;1;1;1;660;5;4;5;4;NA;4;3;2;2;3;3;5;4;3;4;2;3;4;4;2;4;2;4;2;2;3
10398112019;1;0;1;480;4;5;5;5;3;4;4;3;4;3;5;4;4;2;4;4;4;4;5;3;3;3;4;4;4;3
10398099013;1;1;1;2340;4;5;5;5;4;5;4;4;4;5;5;5;5;5;5;5;5;5;4;4;4;4;4;5;4;4
10398093401;1;1;1;1080;4;3;2;2;4;5;4;2;3;5;5;5;5;4;3;3;4;4;5;3;4;4;4;5;5;5
10398073901;1;1;1;2700;5;4;5;5;3;4;3;2;3;3;4;5;4;4;5;2;4;3;4;3;2;3;5;5;5;4
10398070551;1;1;1;2460;4;4;5;4;4;4;4;3;4;4;4;3;4;3;4;4;4;4;4;4;4;4;NA;3;NA;4
10398065305;1;1;1;900;2;2;2;2;NA;2;2;1;3;2;2;2;3;2;4;2;2;5;2;2;5;5;3;5;2;1
10398052011;1;1;1;660;3;3;3;4;3;4;3;2;3;3;4;3;4;4;5;3;4;4;4;4;5;4;3;4;4;3
10398050634;1;1;1;1380;3;2;3;3;3;4;3;1;4;2;2;1;3;2;3;5;2;2;2;2;4;3;3;5;2;4
10398047107;1;1;1;1080;5;5;5;5;4;5;3;2;3;5;4;5;5;5;5;5;5;5;5;4;4;4;4;4;2;5
10398042984;1;1;1;2460;4;3;2;4;4;4;4;3;4;4;4;4;4;3;5;3;4;5;4;4;2;4;3;5;4;4
10398037929;1;1;1;1680;3;4;4;3;3;3;3;1;4;3;2;1;5;3;5;3;3;3;2;3;2;3;NA;3;3;4
10398037696;1;1;1;780;3;3;5;5;3;4;2;2;3;3;3;2;4;3;5;4;2;2;2;3;4;2;5;4;3;4
10398036302;1;1;1;1320;4;4;4;4;3;5;4;2;4;3;4;5;4;3;4;4;3;5;5;2;4;5;3;4;4;5
10398033481;1;1;0;540;3;4;2;3;3;3;3;4;4;3;3;4;4;4;4;3;4;4;3;2;2;2;2;3;3;3
10398030546;1;1;1;540;2;3;4;3;2;3;4;3;2;3;3;3;4;2;4;2;2;3;3;2;2;2;3;3;3;3
10398025575;1;1;1;5520;4;5;5;5;4;4;4;3;4;5;5;5;5;5;5;5;5;5;5;4;5;5;5;4;5;5
10398015635;1;1;1;540;3;2;3;4;3;3;2;2;4;4;2;3;3;3;4;4;3;3;3;4;3;3;3;3;3;3
10398012957;1;1;1;1080;2;2;5;3;2;2;2;2;3;2;3;1;3;2;4;4;5;5;5;2;3;5;2;5;5;2
10398001477;1;1;1;600;4;4;5;4;3;4;5;3;4;4;5;5;5;3;4;3;4;5;5;4;4;4;5;4;4;5
10397997350;1;1;1;1140;4;5;4;5;4;5;5;3;5;4;5;5;3;3;3;5;4;4;5;4;4;4;5;4;5;4
10397984145;NA;1;0;5880;4;2;5;3;4;4;4;4;4;3;2;4;5;4;5;2;2;3;3;3;3;3;4;5;5;4
10397970042;1;1;1;1039560;3;3;5;4;4;4;4;3;3;3;4;3;3;3;4;4;4;4;4;4;2;4;3;3;4;5
10397962950;1;1;1;480;4;4;5;5;4;4;4;3;4;4;4;4;4;4;4;4;4;4;4;4;4;4;4;2;2;4
10397956922;1;1;1;660;4;3;4;5;3;3;4;3;5;3;4;5;5;4;4;3;4;3;4;3;2;2;5;5;5;4
10397950942;1;1;1;720;2;4;4;4;2;3;3;3;4;3;4;5;4;2;5;2;3;2;2;2;5;2;5;4;5;4
10397950139;1;1;1;420;5;5;4;5;3;4;4;4;4;5;4;4;4;4;5;4;4;4;4;4;3;4;4;4;4;4
10397945995;1;1;1;600;4;3;5;5;4;5;5;3;3;4;4;4;5;4;5;4;4;4;4;4;4;4;3;3;4;5
10397939560;1;1;1;480;4;4;4;5;3;4;3;3;3;3;4;3;4;3;5;3;4;4;4;3;4;3;2;4;4;4
10397934911;1;1;1;1560;2;2;1;2;2;4;3;2;3;3;3;3;4;NA;3;5;3;3;4;3;3;3;4;4;4;4
10397900982;1;1;1;720;3;4;5;5;3;3;2;2;3;3;2;4;4;3;3;2;2;2;3;2;2;3;3;3;2;1
10397894163;1;1;1;1020;4;4;3;5;3;2;3;3;2;4;3;4;4;3;4;4;4;4;3;3;2;3;4;3;2;4
10397884349;1;1;1;3900;4;5;5;5;4;4;5;4;5;5;4;4;5;4;5;5;5;5;4;4;3;3;5;5;5;5
10397868835;1;1;1;660;3;4;4;4;3;2;3;2;4;3;4;4;4;4;5;3;3;2;3;3;2;3;5;5;2;4
10397865409;1;1;1;2040;4;4;4;5;4;4;5;3;3;4;4;5;5;4;5;3;4;4;4;3;3;3;4;4;4;4
10397860534;1;1;1;1380;4;3;4;2;3;5;2;4;3;4;3;1;4;3;3;4;5;5;3;3;2;2;4;5;2;5
10397858784;1;1;1;1800;4;3;4;5;3;4;4;1;2;1;3;3;3;3;4;4;4;4;4;3;3;3;2;5;5;3
10397845338;1;1;1;1481580;4;4;4;4;4;4;5;4;4;4;4;4;5;5;5;5;5;4;4;4;4;4;4;4;4;4
10397843509;1;1;1;660;2;3;5;5;2;5;3;2;1;5;4;5;5;4;5;3;5;5;5;5;5;4;5;3;5;4
10397823070;1;1;1;900;4;4;5;5;3;4;3;1;2;3;4;5;4;4;5;3;4;4;4;2;4;3;5;5;4;5
10397789376;1;1;1;900;4;3;4;4;2;4;4;2;3;3;4;2;3;2;4;4;4;4;4;4;3;4;4;2;4;4
10397763828;1;1;1;660;4;4;5;4;3;4;3;2;3;3;5;3;5;3;5;2;3;3;3;4;2;4;4;5;5;3
10397751573;1;1;1;660;4;4;5;5;3;4;4;4;4;4;4;4;4;3;4;4;4;4;4;4;4;4;3;3;4;5
10397730772;1;1;1;1200;4;5;5;5;3;3;3;3;4;4;5;2;4;2;5;3;3;4;3;4;2;3;5;3;3;3
10397527643;1;0;1;1800;4;4;5;4;4;4;3;2;3;3;5;3;3;3;4;4;4;4;4;4;4;4;5;4;4;5
10397434971;1;1;1;1680;4;5;5;5;3;5;5;3;4;5;5;4;5;3;5;5;5;5;5;4;4;5;4;4;4;5
10397337489;1;1;1;1020;5;5;5;5;4;5;3;3;4;5;5;5;4;5;5;4;5;5;5;5;4;4;4;4;4;4
10397314184;1;1;1;840;4;3;4;2;3;4;4;2;4;4;3;4;4;3;5;3;4;4;4;3;2;3;3;4;2;4
10397313294;1;1;1;420;4;5;5;5;3;5;5;4;4;3;5;3;4;4;5;4;4;4;4;4;4;3;4;3;4;5
10397308424;1;1;1;840;4;3;5;4;4;5;5;5;5;5;5;5;5;4;4;5;4;4;4;3;2;4;5;5;5;4
10397297702;1;1;1;960;5;4;5;5;4;4;3;4;5;4;4;4;4;4;4;4;3;3;3;4;3;4;4;4;4;4
10397242357;1;1;1;74220;4;4;4;4;3;3;4;3;4;3;4;3;4;3;5;2;3;3;3;3;2;3;4;4;4;2
10397235409;1;1;1;780;4;4;4;5;4;4;4;3;1;4;4;4;4;3;2;4;4;2;3;4;4;4;2;4;2;4
10397212961;1;1;1;900;2;3;5;5;3;2;4;5;5;4;5;5;5;4;5;2;5;5;5;5;3;3;5;2;2;3
10397211405;1;1;1;1080;2;4;5;5;3;2;3;3;3;3;2;2;5;3;5;2;2;5;2;2;2;2;2;4;4;4
10397200670;1;1;1;1080;4;4;3;3;4;5;4;3;2;4;4;3;3;2;4;5;4;4;5;5;5;4;3;3;3;4
10397186845;1;1;1;1200;5;4;3;4;4;4;4;3;5;4;4;5;5;5;5;4;4;4;4;4;3;4;5;4;5;4
10397155676;1;1;1;600;5;4;4;5;4;4;4;3;4;3;5;5;5;3;5;2;2;4;3;5;2;5;5;5;5;4
10397115973;1;1;1;1381380;3;2;2;3;4;4;3;3;3;3;3;4;3;4;4;3;3;2;3;3;3;3;4;4;5;4
10397112337;1;1;1;720;2;2;5;2;3;3;4;4;2;3;1;4;4;3;4;2;4;5;2;4;5;2;4;5;4;4
10397106480;1;1;1;660;4;4;4;4;4;4;3;4;4;5;3;4;4;4;5;3;3;2;3;4;3;4;4;4;4;5
10397094029;1;1;1;960;4;4;5;5;3;5;4;3;4;5;5;2;4;3;5;4;4;4;4;5;5;4;4;4;4;5
10397092386;1;1;1;33720;4;4;5;5;4;4;3;2;2;4;4;5;5;4;5;4;4;4;4;5;4;4;2;5;2;4
10397092075;1;1;1;660;4;4;3;4;3;4;4;4;4;3;4;3;4;4;4;4;4;4;4;4;4;3;3;3;4;5
10397091189;1;1;1;1320;4;3;4;4;4;4;3;3;4;3;5;4;4;2;4;4;4;4;4;4;2;4;4;4;4;5
10397080308;1;1;1;660;3;2;5;4;2;3;2;1;1;4;3;3;5;2;3;3;3;2;2;3;2;3;5;2;3;4
10397064782;1;1;1;780;4;4;5;4;4;5;4;3;4;5;5;4;4;4;5;4;4;4;4;5;4;4;5;4;4;5
10397061062;1;1;1;480;5;4;5;5;4;5;5;4;4;4;4;5;5;4;5;2;3;4;4;2;3;4;5;3;3;4
10397060308;1;1;1;720;4;2;2;2;4;5;5;2;4;4;5;3;4;4;2;4;4;5;4;4;4;4;4;4;5;3
10397048353;1;1;1;1500;2;1;5;4;3;3;3;4;3;3;3;2;2;3;4;2;2;2;2;3;2;2;2;5;3;3
10397044595;1;1;1;1920;5;5;5;5;4;4;4;4;4;5;5;5;5;4;5;3;4;4;5;4;5;3;5;4;5;5
10397044251;1;1;1;840;3;4;5;5;3;3;4;4;4;5;5;5;5;5;5;2;4;4;4;3;2;3;4;4;4;5
10397033495;1;1;1;720;4;2;2;3;NA;3;3;3;4;3;2;1;4;3;3;2;2;2;2;2;5;4;5;4;2;3
10396998668;1;1;1;1260;4;3;4;4;3;4;4;4;4;3;4;4;3;4;4;3;4;4;4;3;4;3;3;3;4;4
10396997477;1;1;1;960;4;4;5;4;4;5;3;3;3;4;4;4;3;3;5;4;4;5;4;3;4;4;5;4;3;5
10396994454;1;1;NA;960;2;5;4;5;1;3;3;2;3;3;3;1;3;2;5;2;2;2;2;2;3;5;4;3;5;2
10396984677;1;1;1;900;2;3;4;3;2;2;2;4;4;3;4;4;4;3;5;2;2;2;2;2;4;3;4;4;NA;4
10396983382;1;1;1;600;3;3;4;5;3;3;4;2;3;4;4;3;2;2;2;3;4;4;4;3;2;4;2;2;2;4
10396981573;1;1;1;1260;4;4;5;5;4;3;4;3;4;3;4;4;3;4;5;4;4;3;4;4;2;4;5;3;5;4
10396981251;1;1;1;660;4;4;3;5;3;3;3;3;4;3;3;4;4;4;4;5;4;3;4;3;4;3;4;4;3;4
10396977895;1;1;1;2760;4;5;5;5;3;5;5;3;4;5;5;3;4;2;5;5;5;5;5;4;3;3;4;4;4;5
10396977357;1;1;1;540;2;3;4;4;2;3;3;2;3;3;2;2;2;2;5;2;2;3;2;3;2;2;5;3;2;4
10396972575;1;0;1;900;4;4;NA;3;3;4;4;4;4;4;4;4;4;3;4;2;4;4;4;4;4;4;5;4;4;4
10396949352;1;1;1;840;4;4;3;3;4;5;5;4;4;4;4;5;4;3;4;4;4;5;5;4;4;4;5;5;5;4
10396941911;1;1;1;1440;4;4;4;5;4;5;5;3;4;4;4;4;5;3;5;4;4;5;4;5;5;4;5;5;3;5
10396939398;1;1;1;780;4;2;2;1;2;4;4;3;3;3;4;4;4;3;2;2;5;5;5;4;5;4;4;4;4;4
10396925117;1;1;1;1080;3;4;5;5;3;3;4;1;3;3;3;2;4;2;5;3;4;4;2;3;2;3;4;4;5;1
10396914319;1;1;1;1380;4;4;4;4;3;4;4;3;4;3;3;5;5;4;4;5;3;4;3;3;2;4;4;4;5;4
10396911531;1;1;1;900;4;5;5;5;2;3;3;3;4;4;4;3;4;3;5;4;4;4;2;3;2;3;4;4;5;4
10396908816;1;1;1;1380;4;4;5;5;2;5;2;3;4;3;3;3;4;3;5;4;4;4;4;3;5;3;4;2;3;3
10396891780;1;1;1;1560;4;3;5;5;3;4;4;3;4;NA;4;5;5;4;4;4;4;4;4;4;4;3;4;4;4;4
10396884059;1;1;0;2220;4;4;3;3;3;3;2;3;5;3;3;2;4;3;4;4;3;3;4;3;4;3;4;3;2;4
10396866903;1;1;1;420;5;4;5;4;4;3;4;3;4;3;2;5;5;5;5;2;2;2;2;3;5;5;5;3;4;3
10396863055;1;1;1;21720;4;4;5;5;4;4;4;3;4;5;4;4;4;4;5;5;5;5;5;4;4;4;4;4;4;5
10396862359;1;1;1;720;4;3;4;4;3;4;4;3;3;3;3;4;4;3;4;2;4;4;4;3;3;3;5;5;5;4
10396852230;1;1;1;960;4;4;5;5;3;4;4;3;4;4;4;3;4;3;4;4;4;4;4;4;4;3;4;4;4;4
10396845283;1;1;1;780;5;5;5;5;4;4;5;5;4;5;5;5;5;3;5;3;5;5;5;4;4;3;5;4;4;4
10396843438;1;1;1;900;4;3;5;5;4;4;4;4;4;4;4;4;3;4;5;5;4;4;4;4;5;3;5;3;5;4
10396842952;1;0;1;480;4;3;5;5;4;5;5;5;5;5;5;5;5;5;5;4;5;5;5;4;4;5;5;5;5;5
10396837394;1;1;1;900;2;2;3;3;3;4;4;3;3;3;5;2;5;3;5;4;3;4;3;4;4;4;2;2;4;3
10396823936;1;1;1;1320;4;4;4;4;3;3;4;4;4;4;5;2;3;4;4;4;4;4;4;4;3;3;4;3;3;4
10396820703;1;1;1;600;4;4;4;4;4;5;4;3;4;4;5;4;4;4;5;4;5;5;5;4;4;3;3;4;4;5
10396817088;1;1;1;1380;4;4;4;5;2;2;3;2;3;2;3;4;4;3;5;2;2;2;2;2;2;2;3;4;4;1
10396816923;1;1;1;1080;4;4;5;4;4;4;4;4;4;4;4;5;4;3;5;5;4;4;4;4;3;NA;4;4;4;5
10396813816;NA;NA;NA;4380;3;5;5;5;2;4;5;5;5;5;5;2;5;5;4;3;3;3;4;3;3;3;3;3;4;4
10396809304;1;1;1;900;4;4;3;4;3;4;4;4;4;3;3;4;5;3;5;4;4;4;4;3;2;3;3;3;3;4
10396808656;1;1;1;133380;5;5;5;5;4;5;4;4;4;5;5;5;5;5;5;5;5;5;5;4;5;4;5;5;5;5
10396805368;1;1;1;600;4;4;4;4;4;5;4;3;3;3;4;3;4;2;4;4;4;4;4;4;3;3;5;4;2;5
10396793091;1;1;1;480;4;2;4;5;3;3;4;2;3;2;1;3;3;2;5;3;3;3;2;2;3;2;5;4;5;4
10396792661;1;1;1;540;2;4;4;5;2;4;4;3;5;3;4;4;4;3;5;4;3;3;3;2;5;2;5;4;5;2
10396779406;1;1;1;540;4;5;5;4;5;5;5;5;5;5;5;5;5;5;5;5;5;5;5;4;5;5;4;5;5;5
10396778721;1;1;1;1860;2;3;5;4;1;5;5;5;4;5;5;2;5;3;5;2;5;5;4;5;4;4;5;4;5;4
10396771895;1;1;1;960;3;2;2;3;2;1;2;3;4;2;1;1;3;2;3;2;2;2;5;5;5;5;5;4;4;1
10396770442;1;1;1;600;5;4;5;5;4;4;4;3;4;3;5;5;5;4;5;2;4;4;5;2;4;3;5;4;4;4
10396762932;1;1;1;720;4;3;4;5;4;5;5;4;4;4;5;4;5;4;5;2;4;4;4;5;5;4;4;3;3;4
10396760542;1;1;1;600;4;5;5;5;4;4;4;4;4;5;4;3;4;5;5;4;4;4;4;4;3;4;4;4;4;4
10396751649;1;1;0;420;5;5;5;3;4;5;4;4;5;4;5;5;5;5;5;5;5;5;5;4;3;5;5;5;5;4
10396750676;1;1;1;780;4;3;2;1;3;5;3;5;3;4;1;1;2;2;4;5;3;3;4;5;5;3;2;5;5;4
10396746798;1;1;1;480;3;3;3;3;3;2;2;2;3;2;2;2;4;3;4;2;2;2;5;5;5;2;4;4;2;1
10396739512;1;1;1;360;4;3;5;5;4;4;4;4;4;5;3;4;4;4;5;5;4;4;4;4;4;4;4;4;4;5
10396738950;1;1;1;2280;3;3;4;3;4;5;3;2;3;3;4;4;3;4;4;3;4;4;3;3;4;3;3;4;4;4
10396734909;1;1;1;1080;3;2;3;2;3;5;2;2;4;3;2;3;3;2;4;4;4;3;3;3;2;3;5;3;3;5
10396731100;1;1;1;1200;1;4;4;3;1;1;3;4;3;3;5;3;4;3;4;2;2;2;2;2;2;2;2;2;5;1
10396728058;1;1;1;7920;4;4;4;4;3;5;4;2;3;3;4;4;3;3;4;4;4;4;4;3;4;3;2;2;2;4
10396723111;1;1;1;720;3;3;2;3;2;1;2;2;2;2;2;2;4;3;2;4;3;2;2;2;2;2;3;3;3;1
10396722267;1;1;1;960;4;4;5;5;3;4;3;3;4;5;3;3;4;3;3;5;4;4;3;3;3;4;4;3;3;4
10396713944;1;1;1;540;4;4;3;3;3;3;3;5;5;3;3;3;3;3;3;3;3;3;4;3;3;3;3;3;3;4
10396697110;1;1;1;1440;4;4;4;4;3;3;3;1;3;3;3;3;4;3;4;4;3;2;3;4;3;3;2;3;2;4
10396695002;0;1;1;840;4;4;4;5;4;5;4;4;4;4;4;3;4;3;5;5;5;5;5;4;4;4;5;2;2;4
10396686425;1;1;1;1080;5;4;2;2;4;5;4;2;4;5;4;3;5;5;5;2;2;3;5;5;3;4;4;2;5;4
10396686266;1;1;1;660;4;5;5;3;3;4;5;2;4;5;5;5;5;4;5;2;5;5;5;5;4;5;5;5;2;4
10396671890;1;1;1;840;4;4;4;5;4;5;3;3;3;3;4;3;4;4;5;2;4;4;4;3;4;4;3;4;4;5
10396670553;1;1;1;480;4;4;4;4;4;4;4;4;4;4;3;5;5;4;4;4;4;4;5;4;4;4;5;4;4;5
10396662102;1;1;1;780;5;4;5;5;4;5;5;4;4;4;4;4;4;4;5;5;5;5;4;4;3;4;4;4;4;4
10396658878;1;1;1;360;4;3;3;3;2;3;3;2;3;3;3;5;5;3;3;4;3;3;3;3;3;2;5;5;5;4
10396644929;1;1;1;480;3;3;5;4;4;5;5;3;4;5;1;4;5;4;5;3;4;5;5;3;2;3;2;5;5;5
10396638055;1;1;1;660;4;4;4;5;4;5;3;3;3;4;3;4;3;3;3;4;4;3;4;3;3;4;4;4;3;5
10396636827;1;1;1;600;4;4;5;4;4;4;4;4;4;3;5;5;5;5;5;3;4;4;4;4;4;4;5;5;5;3
10396633205;1;1;1;840;4;3;3;5;3;3;4;2;3;4;4;3;4;3;4;5;2;4;3;4;4;4;4;3;4;4
10396629450;1;1;1;720;4;3;4;5;3;3;3;2;3;3;2;3;4;3;4;2;3;3;3;4;3;4;4;2;3;4
10396615650;1;1;1;540;4;3;4;5;2;3;3;5;3;3;4;5;4;5;5;3;4;5;4;4;2;4;3;5;3;4
10396608206;1;1;1;1260;4;5;5;5;3;3;4;5;3;4;3;5;5;4;5;5;5;4;3;2;5;2;5;5;5;4
10396607481;1;1;1;420;5;5;5;5;5;5;5;3;4;5;5;4;4;4;5;4;4;4;4;4;4;4;4;3;4;5
10396604750;1;1;1;720;4;4;4;4;3;5;4;4;4;4;5;4;5;4;5;4;4;4;4;5;4;5;5;5;5;5
10396601681;1;1;1;480;4;3;5;5;3;4;3;3;4;3;3;4;4;4;4;3;3;3;3;2;4;4;3;4;4;5
10396597122;1;1;1;1200;5;4;4;3;3;3;3;3;3;3;3;5;4;4;4;3;3;3;3;3;2;4;4;4;3;4
10396594505;1;1;1;480;4;4;4;4;4;3;4;3;3;4;4;4;4;4;5;5;4;4;3;3;2;3;4;4;5;3
10396588271;1;1;1;900;5;4;3;3;4;4;4;4;4;5;4;3;3;4;4;3;3;4;5;4;3;3;4;3;3;5
10396582964;1;1;1;840;4;5;5;5;3;3;4;4;5;4;3;4;5;2;5;4;4;4;4;2;2;3;5;4;4;4
10396578165;1;1;1;1020;4;4;5;4;3;5;3;4;4;4;5;3;3;3;4;3;4;4;4;5;4;4;5;3;4;5
10396577498;1;1;1;1800;4;4;4;5;3;4;5;2;4;4;5;3;3;3;5;5;5;5;4;3;4;4;5;3;5;4
10396576172;1;1;1;6060;3;4;5;5;3;5;4;4;5;4;3;4;3;3;5;5;5;5;5;4;3;4;5;4;5;4
10396571906;1;1;1;660;5;5;5;5;4;4;5;3;4;5;5;3;4;3;5;5;5;5;5;5;5;5;4;4;4;5
10396570592;1;1;1;780;4;4;5;5;4;3;3;3;4;4;3;5;4;4;5;5;4;4;4;3;2;4;4;3;4;2
10396568101;1;1;1;1080;3;3;5;5;3;2;1;1;2;2;3;1;3;4;4;4;3;4;2;3;5;2;4;4;5;3
10396566650;NA;NA;NA;900;5;4;4;3;4;5;4;4;4;3;3;4;4;3;5;4;4;4;4;4;2;4;4;4;5;4
10396565186;1;1;1;900;4;3;3;3;3;4;3;2;3;3;3;5;5;3;4;3;2;2;3;3;2;3;4;4;4;4
10396556037;1;1;1;780;4;4;4;5;3;4;4;4;4;3;3;4;4;2;5;4;3;4;4;3;3;2;5;4;5;4
10396550167;1;1;1;600;4;5;5;5;3;4;3;3;4;4;5;5;5;4;5;5;4;4;4;4;2;3;4;4;4;4
10396548060;1;1;1;1260;4;5;3;4;3;5;4;3;4;4;5;5;5;4;5;4;4;4;4;4;4;5;5;5;5;4
10396546035;1;1;0;4860;4;4;4;4;3;4;3;3;4;4;4;4;3;3;4;3;4;4;3;4;4;3;4;4;4;4
10396542567;1;1;1;1140;5;5;4;5;5;5;5;3;4;5;4;4;5;4;2;NA;4;4;4;4;4;4;4;3;3;4
10396541892;1;1;1;480;4;4;5;5;3;5;4;3;4;3;3;3;3;3;4;3;3;3;3;3;3;3;3;3;3;4
10396534856;1;1;1;660;3;3;3;4;2;4;3;3;2;2;4;3;3;2;4;2;3;3;4;4;4;4;3;2;4;4
10396533726;1;1;1;720;3;2;2;2;2;3;2;3;2;2;3;3;3;2;1;2;3;3;2;4;5;3;2;3;5;1
10396526737;1;1;1;780;4;4;5;5;3;5;2;4;5;4;4;2;5;2;5;2;4;4;5;3;2;4;4;4;2;4
10396526489;1;1;1;840;2;2;5;3;2;3;3;2;4;3;3;2;3;2;3;2;2;2;2;3;2;3;3;2;5;4
10396524685;1;1;1;540;5;4;5;5;4;5;3;3;2;5;4;5;5;5;5;2;5;4;4;4;2;5;5;4;5;4
10396519878;1;1;1;1020;4;4;5;5;3;3;3;2;4;3;4;3;4;4;5;4;2;2;3;3;3;3;2;5;3;3
10396518565;1;1;1;1020;5;4;4;5;4;5;5;5;5;4;5;5;5;5;5;4;4;4;5;4;4;4;5;5;5;5
10396515467;1;1;NA;900;4;4;4;4;4;5;4;4;4;4;5;4;4;4;4;3;4;4;5;4;4;4;4;5;5;5
10396512870;1;1;1;780;NA;4;5;5;3;3;4;4;4;4;4;3;4;4;5;4;5;4;3;3;3;4;4;4;4;4
10396509499;1;1;1;1020;2;4;4;5;3;3;2;3;2;4;4;1;4;3;5;4;3;3;2;2;2;2;4;2;4;4
10396508006;1;1;0;960;2;3;5;5;2;2;2;2;2;2;2;1;1;1;4;2;2;2;2;2;2;2;2;2;2;4
10396496352;1;1;1;3300;2;3;2;4;3;5;4;3;2;3;5;2;3;2;2;2;3;3;2;3;3;3;2;3;2;2
10396492145;1;1;1;1680;3;4;3;4;3;3;2;3;4;3;3;3;3;2;3;3;3;3;3;3;3;3;2;3;2;3
10396489760;1;1;1;660;4;3;5;5;4;5;5;5;5;5;4;5;5;5;5;5;5;5;5;5;5;5;5;5;5;4
10396485531;1;0;1;540;2;2;5;5;5;5;5;5;5;3;4;4;5;5;5;2;4;4;4;4;5;5;5;4;5;5
10396483811;1;1;1;2400;4;3;4;4;3;3;4;3;3;4;4;4;4;3;3;3;3;3;4;3;3;3;4;2;3;5
10396479928;1;1;1;2820;4;4;3;4;4;5;3;4;4;4;5;3;4;3;3;5;5;3;5;5;3;2;2;5;5;5
10396471128;1;1;1;480;4;3;3;5;4;5;4;4;4;4;4;5;4;3;3;4;4;4;4;4;4;4;4;4;5;4
10396468224;1;1;1;1020;4;4;5;5;3;5;4;2;2;4;3;3;4;4;5;5;5;5;4;4;4;4;3;3;5;4
10396459578;1;1;1;1080;3;3;3;4;3;3;3;3;3;3;3;4;3;2;3;2;2;2;3;2;2;2;2;2;2;3
10396455683;1;1;1;900;4;3;4;1;3;3;1;4;4;2;3;5;5;5;5;2;2;2;2;3;2;3;5;5;5;1
10396454940;1;1;0;720;2;2;3;2;1;1;1;1;1;1;5;1;1;1;5;5;3;3;3;3;2;3;3;3;3;1
10396452175;1;1;1;780;2;1;5;2;2;NA;2;2;2;3;2;2;2;2;5;2;3;3;2;2;5;2;2;2;2;2
10396450546;1;1;0;840;5;4;4;5;4;3;4;5;5;4;5;5;4;4;5;5;5;5;5;5;5;5;5;5;5;5
10396448020;1;1;1;840;4;3;3;3;4;4;5;5;5;4;5;4;4;4;5;NA;5;5;5;3;3;3;4;4;4;5
10396447145;1;1;0;960;4;3;2;4;3;4;4;3;4;3;5;3;4;3;4;3;5;3;5;5;2;3;5;3;5;5
10396446991;1;1;1;720;4;4;5;4;3;4;3;3;3;3;3;4;4;3;3;4;4;4;4;3;3;3;5;4;4;4
10396446796;1;1;1;1800;4;4;5;4;NA;4;3;2;4;4;4;3;3;3;5;5;4;4;4;4;3;4;5;4;4;4
10396440601;1;1;1;1380;3;3;5;5;2;3;4;4;4;4;4;3;3;3;5;3;4;4;3;2;2;3;4;3;4;4
10396440531;1;1;1;1320;5;4;4;5;3;4;4;5;5;5;4;5;5;5;5;4;4;3;4;4;3;5;5;5;5;4
10396438859;1;1;1;1620;3;5;5;5;3;5;3;3;3;5;5;3;2;2;5;5;5;4;4;3;4;3;3;3;4;4
10396431378;1;1;1;1080;3;2;4;2;3;4;4;1;3;3;3;4;4;3;4;2;2;2;3;3;2;3;4;2;2;4
10396429422;1;1;1;960;4;3;5;5;4;4;4;3;3;3;4;4;4;4;4;4;4;3;4;3;2;4;4;3;4;5
10396425178;1;1;1;600;4;4;4;3;2;4;4;3;4;2;4;3;4;3;4;5;3;3;3;2;2;4;4;4;4;5
10396422211;1;1;1;900;4;4;2;4;3;4;3;3;3;4;4;2;4;3;4;4;4;4;4;4;2;4;4;2;4;4
10396419167;1;1;1;780;4;2;4;3;2;4;3;2;2;3;4;3;4;4;5;3;2;2;3;3;2;3;5;5;5;3
10396416833;1;1;1;1680;3;2;2;2;3;4;2;1;3;3;3;2;2;2;4;2;3;3;2;2;3;2;4;2;2;4
10396416782;1;1;1;1200;3;4;4;5;3;3;3;2;4;3;3;3;4;3;4;4;4;4;4;3;3;3;2;4;4;4
10396410344;1;1;1;780;4;4;5;1;3;4;3;5;4;2;3;4;4;3;5;3;2;2;2;4;2;3;3;5;5;3
10396404071;1;1;1;600;4;3;5;4;3;5;3;4;4;2;3;3;5;4;5;3;3;4;3;3;2;3;4;5;5;4
10396403682;1;1;1;840;4;5;5;5;4;4;4;3;4;4;5;3;4;3;4;4;4;4;5;4;4;4;4;3;4;4
10396402212;1;0;1;1200;5;5;4;5;4;5;4;4;5;5;4;5;4;4;5;5;5;5;5;4;3;4;5;4;5;5
10396401896;1;1;1;1080;5;4;4;4;4;5;4;4;4;4;4;3;4;4;5;4;4;4;4;4;4;4;4;4;4;5
10396399277;1;1;1;540;4;4;4;5;4;4;4;3;3;3;3;3;4;4;4;4;4;4;4;3;2;4;4;2;4;4
10396399086;1;1;1;3960;4;5;5;5;3;4;2;2;5;4;3;5;5;3;5;5;5;5;4;4;3;4;5;5;5;4
10396397019;1;1;1;480;5;5;5;5;5;5;4;4;4;4;3;3;5;5;5;3;5;5;4;5;4;4;5;5;5;4
10396390488;1;1;1;1560;4;4;5;5;4;4;4;3;4;4;4;4;4;4;5;2;4;4;4;4;4;4;5;4;4;1
10396389335;1;1;1;900;3;4;2;3;2;4;3;2;4;2;3;2;4;4;3;2;2;2;3;2;3;3;5;3;2;4
10396389247;1;1;1;540;3;3;5;4;2;2;3;2;4;3;5;3;4;2;4;4;3;3;3;3;5;2;4;3;4;4
10396387596;1;1;1;1740;4;4;5;5;4;4;3;2;3;5;4;4;4;4;5;4;4;3;3;4;3;3;5;4;5;4
10396386652;1;1;1;1680;4;4;3;3;4;4;3;3;1;3;5;3;4;3;4;4;3;3;4;5;5;5;5;4;4;5
10396384760;1;1;1;840;2;3;3;3;3;3;3;3;3;3;3;1;3;2;3;3;2;2;2;3;2;2;3;3;3;4
10396379959;1;1;1;900;2;2;3;3;3;3;2;2;4;3;4;3;3;2;4;2;3;3;2;4;3;3;4;4;3;2
10396374260;0;1;1;900;2;2;3;NA;3;4;3;2;3;2;2;5;3;4;4;2;2;2;2;2;2;4;4;4;4;4
10396372955;1;1;1;875820;4;4;4;4;3;4;4;2;4;4;3;4;4;3;4;3;4;4;4;4;3;3;4;3;4;4
10396369843;1;1;1;780;4;4;4;4;4;4;3;3;4;4;3;3;4;4;4;2;4;3;4;4;4;4;4;3;2;4
10396362628;1;1;1;1320;3;3;4;3;2;3;4;4;3;2;3;2;4;3;4;2;3;3;3;3;2;4;3;4;3;4
10396358438;1;1;1;900;3;2;3;2;1;1;2;1;3;3;1;2;2;1;4;2;2;2;2;2;5;3;2;4;4;4
10396356172;1;1;1;2400;2;2;3;4;3;4;3;3;2;3;2;2;4;3;3;3;3;4;3;4;3;3;2;3;2;3
10396354655;1;1;1;1080;4;3;5;5;3;4;3;4;5;4;4;4;3;5;5;5;5;5;5;5;3;3;5;5;5;4
10396346058;1;1;1;660;4;4;4;4;4;4;3;3;3;3;4;3;4;4;4;3;2;2;3;5;5;5;4;5;5;4
10396343908;NA;1;1;660;3;1;3;3;3;4;2;2;2;3;3;2;3;3;4;3;3;3;2;3;3;2;5;5;2;4
10396343890;1;1;1;1500;5;5;5;4;4;4;4;4;4;4;5;4;5;4;4;3;4;4;4;5;5;4;5;4;4;4
10396342415;1;0;1;1080;3;3;2;2;3;3;3;3;3;3;3;3;3;3;3;2;3;3;3;3;3;3;3;3;3;3
10396341721;1;1;1;2400;4;4;4;4;3;4;4;3;3;4;4;3;4;3;4;3;4;4;3;4;4;2;2;2;2;4
10396337790;1;1;1;1200;5;4;4;4;4;4;5;4;4;4;4;3;4;4;4;5;4;4;5;4;3;4;5;4;4;5
10396335603;1;1;1;900;4;2;5;5;4;4;3;3;4;3;2;3;4;4;4;4;2;2;2;3;2;2;4;3;4;4
10396334799;1;1;1;1320;4;3;4;5;3;4;4;3;3;4;5;3;4;3;5;3;4;5;3;4;4;4;2;4;5;2
10396333873;1;1;1;600;3;3;3;4;2;3;3;1;1;3;3;2;3;2;4;3;3;3;2;2;3;2;2;5;2;3
10396333686;1;1;1;780;3;4;2;2;2;3;3;4;4;4;3;2;3;2;4;2;3;5;5;5;2;3;5;4;4;4
10396333279;1;1;1;480;2;2;3;5;2;2;2;2;3;2;3;3;3;2;4;2;2;2;2;2;2;2;4;4;3;4
10396331272;1;1;1;1320;4;5;4;4;4;4;4;3;4;4;4;3;4;4;5;3;4;4;4;4;2;4;4;3;5;4
10396330948;1;1;1;840;3;2;5;5;2;4;4;2;3;3;2;3;5;3;4;2;3;3;4;4;2;4;4;4;4;3
10396326992;1;0;1;660;3;3;3;3;2;4;3;2;3;3;4;2;3;3;4;2;3;2;4;3;2;3;4;3;4;3
10396324384;1;1;1;660;2;3;5;4;3;4;3;2;3;4;3;2;4;4;4;3;2;2;2;2;2;2;5;5;3;5
10396323715;1;1;1;63120;4;3;5;4;3;4;4;3;3;4;4;3;4;3;4;3;4;4;4;4;3;4;4;3;4;4
10396323004;1;1;1;660;5;5;5;5;4;4;4;3;4;5;5;4;4;4;5;3;5;4;4;4;4;4;5;4;4;4
10396322005;1;1;1;660;5;4;5;4;5;5;4;3;4;5;5;5;5;4;5;5;5;4;4;4;4;4;5;4;5;4
10396321508;1;1;1;1320;4;3;3;4;3;3;4;3;3;3;5;5;5;4;5;4;3;3;3;4;2;3;3;3;4;4
10396321440;1;1;1;660;4;3;5;4;3;5;3;3;3;3;3;4;4;4;5;4;3;4;4;5;3;4;3;4;3;4
10396321149;1;1;1;840;4;2;4;4;2;3;3;2;4;2;2;3;2;1;2;2;2;2;2;3;2;5;3;4;5;3
10396319536;1;1;1;4020;4;3;4;3;4;4;3;3;2;4;3;5;5;4;4;3;4;4;4;5;3;3;5;3;2;4
10396312241;1;1;1;840;4;3;4;3;3;4;4;4;3;4;4;2;3;2;4;4;4;4;4;4;4;3;3;3;3;3
10396312212;1;1;1;840;4;3;4;2;2;3;2;3;4;3;1;3;5;2;3;3;2;2;2;4;2;4;5;5;2;1
10396310948;1;1;1;1260;4;4;5;5;4;4;3;2;4;3;5;3;4;4;5;4;4;4;4;4;4;4;2;2;5;4
10396308889;1;1;1;600;4;5;5;5;4;3;4;2;3;4;3;4;4;4;4;4;4;4;4;4;2;3;4;5;3;4
10396308864;1;1;1;1020;4;3;5;5;3;4;4;3;4;4;3;3;4;3;4;3;4;4;4;4;3;3;4;4;3;4
10396305880;1;1;1;480;4;5;3;4;4;4;4;3;3;3;4;4;4;4;5;2;4;4;4;5;3;4;4;3;4;4
10396305420;1;1;1;660;4;5;5;5;3;4;3;4;4;3;5;3;3;4;5;4;4;4;4;4;4;3;4;4;4;4
10396298525;NA;1;1;1980;4;4;5;3;2;4;4;3;4;3;5;2;3;4;4;4;4;5;2;2;5;5;3;3;2;3
10396297563;1;1;1;480;4;4;4;5;3;3;4;4;3;4;3;5;4;3;5;2;3;3;3;2;3;2;4;5;4;3
10396295777;1;1;1;480;4;4;5;4;4;5;3;3;3;2;5;3;5;4;5;4;2;2;3;4;4;4;3;4;4;4
10396294757;1;1;1;540;4;5;5;5;3;4;4;3;3;4;4;3;4;3;5;5;5;5;4;4;5;4;4;4;4;4
10396285880;1;1;1;480;5;5;5;5;4;4;4;4;4;5;5;5;5;5;5;4;5;5;5;4;5;4;4;4;4;5
10396281505;NA;1;1;540;4;4;4;4;4;4;4;4;4;3;3;4;4;3;5;5;5;5;4;4;4;3;5;5;5;4
10396281128;1;1;1;9420;5;5;4;4;4;5;4;4;4;4;5;5;4;5;5;2;5;5;5;5;3;4;5;5;3;3
10396279386;1;1;1;1680;4;4;4;5;4;5;4;1;3;4;5;3;4;3;5;5;5;5;5;5;4;5;5;2;5;4
10396279356;1;1;1;1118220;4;4;5;5;3;5;4;1;1;4;3;2;4;2;5;2;5;5;4;5;5;4;3;5;5;4
10396275951;1;1;1;1380;4;4;4;5;3;4;4;4;3;3;4;2;3;2;4;3;4;4;3;4;2;3;4;4;2;3
10396275928;1;1;1;660;5;5;5;5;4;5;4;4;5;5;5;5;4;4;5;5;5;5;5;5;5;5;5;5;5;5
10396274047;1;1;1;5700;5;4;5;5;4;5;4;3;4;5;4;4;4;4;5;4;5;5;4;5;4;5;5;5;4;5
10396273840;1;1;1;1320;3;3;2;5;4;5;5;3;2;5;3;3;5;3;5;4;5;5;4;4;4;3;3;4;5;5
10396269605;1;1;1;2100;3;2;3;2;3;2;4;2;3;3;3;3;3;3;4;3;3;2;3;3;3;4;3;2;3;3
10396261141;1;1;1;960;4;4;5;4;4;5;5;3;4;4;4;4;5;5;5;5;5;5;4;4;4;4;5;4;5;4
10396260399;1;1;1;1080;4;4;4;5;3;5;4;2;2;3;4;5;5;4;4;3;3;3;4;4;4;3;4;4;4;4
10396259100;1;1;1;600;4;5;4;5;4;5;5;2;5;5;5;4;5;4;4;5;5;5;5;5;5;5;5;5;4;4
10396255575;1;1;1;540;5;4;4;5;4;5;4;4;4;4;5;5;5;4;5;4;4;4;4;4;3;4;4;4;5;4
10396255273;1;1;1;960;5;4;4;5;4;5;4;3;4;5;5;5;5;4;5;4;4;4;5;4;3;4;5;5;5;5
10396255241;1;1;1;900;4;3;4;2;3;5;5;3;3;3;2;3;5;5;4;4;3;4;3;3;3;4;5;5;3;4
10396254222;1;1;1;5100;4;4;4;4;4;5;4;3;5;3;3;4;4;3;5;4;4;4;4;4;4;4;5;5;5;4
10396251646;1;1;1;2640;2;2;5;5;3;3;3;2;4;3;2;3;3;3;5;2;2;2;2;2;2;2;3;4;2;1
10396250251;1;1;1;1200;4;4;5;5;4;5;4;4;4;4;4;4;4;3;5;4;4;4;4;4;4;4;4;4;4;4
10396248594;1;1;1;840;4;4;4;4;3;3;4;2;3;3;4;3;3;2;4;4;5;5;4;4;2;4;4;4;4;4
10396247490;1;1;1;720;5;5;4;5;4;5;5;2;5;5;5;5;5;5;5;5;5;4;5;4;5;5;4;4;4;5
10396245914;NA;1;1;780;3;3;4;2;4;4;3;4;4;3;4;3;3;3;5;3;3;4;3;2;3;2;4;4;4;4
10396240282;1;1;1;840;4;5;4;5;3;5;4;4;5;4;3;5;4;4;4;3;4;3;4;3;4;3;4;4;3;4
10396233929;1;1;1;600;4;4;2;2;3;4;4;3;3;3;3;5;3;3;4;5;4;4;4;4;4;4;4;4;4;4
10396232246;1;1;1;1140;5;5;5;5;4;4;4;4;5;5;5;4;5;4;5;4;4;3;4;5;2;4;5;3;5;4
10396230071;1;1;1;840;NA;3;3;2;3;4;2;3;4;2;5;5;4;2;5;2;3;3;3;4;4;4;4;4;4;4
10396228659;1;1;1;863640;4;4;5;5;4;5;4;4;3;5;3;3;4;4;5;3;4;4;4;5;4;5;4;3;4;4
10396228287;1;1;1;720;4;4;3;4;3;5;4;3;3;2;3;3;4;4;5;4;4;4;4;3;2;3;4;2;3;4
10396227865;1;1;1;4260;5;5;4;2;4;4;4;3;4;4;4;5;5;4;5;4;4;4;4;3;3;4;4;3;4;4
10396226910;1;1;1;3060;1;3;3;5;1;2;2;1;2;2;3;2;4;2;4;2;2;2;2;2;2;2;2;4;2;3
10396223340;1;1;1;4380;3;3;5;5;3;3;4;2;2;4;4;3;4;3;5;4;4;4;4;4;3;5;4;2;3;4
10396219072;1;1;1;780;5;4;5;5;4;4;3;3;4;5;5;5;5;3;5;3;4;4;4;4;4;4;5;5;5;5
10396217073;1;1;1;15480;3;2;5;5;3;3;3;3;2;3;2;3;2;2;4;3;2;2;2;2;3;2;3;2;3;4
10396213225;1;1;0;780;3;4;4;5;4;4;4;4;4;5;4;3;5;4;5;5;5;5;5;5;5;5;5;5;5;5
10396209735;1;1;1;1380;4;4;4;5;3;4;4;3;3;4;4;2;3;2;4;4;4;4;4;4;3;4;3;3;3;4
10396208176;1;1;1;88200;4;4;4;4;4;4;3;3;4;4;4;4;4;3;5;4;3;3;4;4;4;4;4;4;4;3
10396206989;1;1;0;862320;3;4;4;5;1;3;4;1;3;3;4;3;3;1;5;4;4;4;NA;2;2;2;4;5;4;4
10396201692;1;1;1;840;4;4;3;4;3;4;2;3;3;3;3;4;4;3;5;5;4;4;3;2;2;2;2;2;2;2
10396201632;1;1;1;1080;3;3;4;3;4;5;3;5;3;3;4;4;4;3;4;2;2;2;4;3;5;4;4;5;5;4
10396200436;1;1;1;540;4;4;5;5;2;2;3;3;4;4;3;4;4;4;5;5;4;4;2;2;2;2;4;4;4;3
10396196699;1;1;1;720;5;5;5;4;4;4;4;4;4;4;4;5;5;4;5;4;4;4;4;4;4;4;4;4;4;5
10396195996;1;1;1;600;5;4;5;5;4;4;3;2;2;4;3;4;4;3;4;4;2;2;2;3;2;4;4;3;3;1
10396193780;1;1;1;900;3;3;3;3;3;4;4;3;4;3;3;3;4;2;3;3;4;4;4;4;2;2;4;2;3;5
10396192857;1;1;1;840;4;3;4;5;2;3;4;3;4;3;2;5;4;4;5;4;5;5;3;4;5;5;4;5;5;5
10396191333;1;1;1;6780;5;5;5;5;4;4;4;1;4;4;4;5;4;4;5;3;4;4;5;5;3;4;5;3;5;4
10396188032;1;1;1;660;4;4;4;4;4;5;4;3;3;4;5;5;4;4;5;4;4;4;4;4;5;4;4;4;4;2
10396187018;1;1;1;1260;1;2;2;2;1;2;3;2;2;2;3;2;3;1;2;2;2;2;2;2;2;2;2;3;2;3
10396185096;1;1;1;720;4;2;5;5;4;5;5;5;2;5;5;2;4;4;4;4;5;5;4;2;4;4;5;2;5;1
10396185009;1;1;1;780;4;3;5;5;3;4;3;4;4;4;4;4;4;3;4;2;4;4;3;2;2;3;4;4;4;4
10396184624;1;1;1;1080;4;4;4;5;4;5;4;3;4;4;4;5;4;4;5;4;4;4;4;5;4;4;5;4;5;5
10396180170;1;1;1;720;5;4;5;5;4;5;4;5;4;5;4;4;5;3;5;4;5;5;5;4;4;4;4;5;5;5
10396179900;1;1;1;1200;4;4;5;3;4;4;4;2;4;4;4;4;4;4;5;4;4;4;4;4;5;4;4;4;4;5
10396179653;1;1;1;2340;4;4;3;5;4;5;4;3;4;4;4;3;4;4;5;4;4;4;4;4;3;4;4;4;3;4
10396179021;1;1;1;1980;4;3;5;4;4;5;4;2;1;4;4;4;4;5;5;2;4;4;4;5;2;5;5;5;5;5
10396177287;1;1;1;1200;2;4;4;4;2;4;5;2;4;3;4;3;2;1;4;2;4;5;2;5;5;5;2;3;5;1
10396176696;1;1;1;1560;2;3;3;4;3;2;4;4;4;3;4;1;5;3;4;4;4;4;2;2;2;2;4;2;2;4
10396175214;1;1;1;600;4;4;4;5;4;3;4;2;3;4;4;3;3;3;2;4;NA;3;4;3;3;4;3;2;2;4
10396174816;1;1;1;660;4;3;4;4;3;3;2;3;3;3;4;4;4;2;4;2;2;2;2;2;2;2;2;4;4;4
10396174279;1;1;1;900;4;4;5;4;3;3;4;3;3;3;4;4;4;4;5;4;4;4;4;4;2;2;4;4;4;4
10396173169;1;1;1;600;5;5;3;4;4;4;4;1;3;4;3;4;5;5;4;3;4;4;4;4;4;4;3;4;3;4
10396169532;1;1;1;1440;4;4;3;4;4;5;4;3;4;3;4;4;4;4;4;2;3;3;4;4;4;4;5;4;4;4
10396167851;1;1;1;720;2;2;4;4;2;2;2;3;2;3;3;2;2;2;2;2;2;2;2;3;2;5;2;4;2;3
10396167315;1;1;1;1140;4;4;5;4;4;5;4;3;4;5;5;5;5;4;5;5;4;4;4;4;5;5;5;5;5;4
10396164000;1;1;1;900;4;4;5;5;3;5;4;2;4;4;4;3;4;3;4;2;4;4;4;4;2;4;4;4;4;4
10396163456;1;1;1;360;4;3;5;NA;3;3;2;2;2;2;3;3;4;2;4;4;3;4;3;2;5;2;2;3;4;2
10396162828;1;1;1;960;4;4;5;5;4;3;3;4;4;4;4;5;5;5;5;4;4;4;4;4;4;5;5;5;4;4
10396162455;1;1;1;840;4;4;4;5;4;2;3;3;4;3;4;5;4;4;5;2;2;4;3;4;5;3;4;4;4;4
10396160086;1;1;1;1260;5;5;3;4;NA;4;5;5;1;5;5;5;5;3;4;5;5;5;5;5;5;3;2;5;5;5
10396156924;1;1;1;1020;5;5;5;5;4;5;4;3;4;4;5;5;5;4;5;5;5;5;5;5;4;4;5;5;5;5
10396151819;1;1;1;1560;5;5;5;4;4;4;5;3;3;5;4;4;3;4;5;4;5;4;4;4;4;3;3;4;4;5
10396151810;1;1;0;1440;4;3;3;3;2;2;2;1;1;2;1;2;3;2;2;2;5;5;5;5;5;5;3;5;5;1
10396148676;1;1;1;780;4;5;5;5;4;5;2;2;4;5;5;3;4;4;5;5;5;4;4;4;4;4;4;3;3;5
10396148026;1;1;1;1080;4;2;2;3;4;5;4;1;3;4;1;4;4;4;5;3;2;2;2;3;3;3;5;5;5;2
10396147226;1;1;1;2160;4;4;3;5;4;4;3;3;3;4;3;3;3;3;4;3;4;4;4;3;3;3;NA;3;4;4
10396145298;1;1;1;720;NA;2;5;5;2;5;3;4;5;4;NA;2;4;1;5;5;3;2;4;4;3;3;5;4;4;3
10396145206;1;1;1;900;5;4;3;4;3;4;4;2;2;4;5;3;3;4;5;4;5;5;5;4;4;4;5;4;5;5
10396142358;1;1;1;660;4;4;4;4;3;3;3;1;3;3;3;5;5;3;5;5;4;4;3;3;3;3;2;4;4;5
10396141486;1;1;1;880260;4;4;3;4;3;5;3;4;3;4;4;3;4;3;5;4;5;4;3;4;4;4;4;4;2;3
10396139162;1;1;1;660;4;4;4;5;4;5;5;4;4;3;5;4;4;4;5;5;5;4;5;5;4;5;5;4;3;4
10396138313;1;1;1;1740;4;4;5;4;4;5;2;3;2;3;1;4;5;4;5;5;4;5;4;4;4;4;4;3;4;4
10396138178;1;1;1;600;2;1;3;3;2;1;1;1;2;2;2;3;5;4;3;2;2;2;2;2;4;2;3;3;4;2
10396136050;1;1;1;840;4;3;2;2;3;3;3;3;3;3;3;4;4;2;3;2;2;2;4;3;3;3;4;4;4;4
10396135539;1;1;1;600;4;5;5;5;4;4;4;3;3;3;4;3;4;5;4;4;4;4;4;3;3;2;2;4;3;4
10396134464;1;1;1;600;4;2;2;3;3;5;4;3;3;3;2;5;5;4;5;2;3;3;3;2;2;3;5;5;3;4
10396133782;1;1;1;2640;3;2;3;3;4;3;1;1;1;3;4;5;3;4;5;3;2;5;2;2;5;5;3;3;5;3
10396133427;1;1;1;2220;4;3;3;4;4;3;2;3;3;4;3;4;4;4;4;3;3;2;2;4;5;5;5;3;5;4
10396132902;1;1;1;540;4;3;3;5;4;4;4;2;4;3;2;4;4;4;4;5;4;4;5;3;2;3;4;2;2;5
10396132263;1;1;1;860700;3;4;5;4;3;4;2;2;3;4;4;3;4;4;4;2;4;4;4;3;3;3;4;4;5;4
10396132022;1;1;1;960;3;3;2;3;2;2;2;4;3;2;2;3;3;2;3;2;2;2;2;2;2;2;4;3;4;3
10396131623;1;1;1;840;3;4;4;4;3;3;2;2;3;2;3;3;4;3;5;4;2;3;2;4;2;2;4;4;3;3
10396131404;1;1;1;540;5;5;5;4;4;5;4;4;4;3;5;3;3;2;5;2;2;5;5;4;4;4;5;5;5;2
10396130890;1;1;1;720;4;4;4;5;3;4;3;3;4;4;4;4;3;4;4;4;4;4;4;4;3;4;4;4;3;4
10396128641;1;1;1;480;5;5;5;5;5;1;5;5;4;5;5;5;4;4;5;4;5;5;5;5;5;5;4;4;4;4
10396128375;1;1;1;840;5;4;2;3;3;4;4;3;4;4;3;4;4;3;5;4;4;4;4;3;2;4;4;5;5;4
10396126641;1;1;1;660;4;4;4;3;3;NA;5;2;2;2;2;2;3;2;4;2;3;3;4;4;3;2;3;2;2;4
10396126461;1;1;1;660;4;4;5;4;3;4;5;4;5;5;4;4;4;4;5;5;5;5;5;5;4;4;4;4;4;4
10396126289;1;1;1;960;4;4;5;4;3;3;4;3;4;5;3;3;3;2;5;4;4;4;3;2;2;2;4;3;3;4
10396125407;1;1;1;480;3;3;4;5;NA;3;3;3;3;3;3;3;4;4;4;2;3;3;3;2;2;2;2;4;4;4
10396124889;1;1;1;3360;2;3;5;3;3;4;4;2;3;3;3;2;4;3;2;5;4;4;3;4;5;3;2;5;5;4
10396124724;1;1;1;480;4;4;4;4;3;4;5;3;4;3;4;4;5;3;4;4;4;4;4;3;3;2;4;4;4;4
10396121532;1;1;1;540;4;4;5;5;4;5;4;3;4;5;5;3;4;4;5;5;5;5;5;4;4;4;4;3;4;5
10396121299;1;1;1;1080;5;4;5;5;4;5;4;3;4;5;5;5;5;4;5;5;5;5;5;5;5;5;4;5;5;5
10396119851;1;1;1;2040;4;3;4;5;3;4;4;4;3;3;3;4;4;3;5;2;3;3;3;4;3;4;5;4;4;3
10396117514;1;1;1;1380;5;4;5;4;4;5;5;3;4;5;4;5;5;5;5;5;5;5;4;5;5;5;5;5;5;4
10396113028;1;1;1;660;2;2;3;4;4;4;4;2;1;3;3;3;4;3;3;4;4;4;4;4;2;4;3;3;5;4
10396107639;1;1;1;1140;4;4;4;4;4;4;4;4;3;4;4;4;4;4;5;4;4;4;4;4;4;4;4;3;4;4
10396106048;NA;1;1;1020;2;3;4;4;2;3;4;2;4;4;4;3;4;2;4;2;3;3;3;2;2;2;2;3;3;3
10396105951;1;1;1;480;4;4;5;5;4;4;4;3;4;4;5;5;4;4;5;4;4;4;5;4;4;4;4;4;4;5
10396105108;1;1;1;540;4;4;5;5;4;4;4;3;4;4;4;4;4;4;5;4;5;5;5;4;4;4;4;4;4;4
10396104876;1;1;1;720;4;4;5;2;4;4;4;4;3;4;4;4;3;3;4;4;4;4;4;3;3;3;3;4;3;4
10396104322;1;1;1;1680;4;4;5;5;4;4;4;4;3;4;5;5;4;4;4;4;4;4;4;4;3;4;5;4;5;4
10396102475;1;1;1;1020;4;5;5;4;4;5;4;1;3;5;4;5;5;3;3;4;5;5;5;5;5;5;4;4;3;4
10396102187;1;1;1;720;3;3;4;4;2;1;3;3;3;3;5;5;3;2;5;2;4;4;3;3;4;3;3;4;2;4
10396100669;1;1;1;420;3;4;4;2;3;2;3;2;4;3;4;3;3;4;5;3;2;2;2;3;2;2;5;3;4;2
10396099265;1;0;1;780;4;3;3;5;4;5;4;3;4;4;4;2;3;2;5;4;4;4;4;4;3;4;4;4;3;2
10396098794;1;1;1;1020;5;4;4;4;4;4;4;4;4;4;4;4;4;4;4;4;4;4;4;3;3;3;5;5;5;5
10396098280;1;1;1;2700;4;4;4;3;3;3;2;3;4;4;4;3;4;4;5;4;4;3;4;3;2;3;4;4;4;4
10396097700;1;1;1;1020;4;4;5;5;3;4;4;3;4;5;5;5;4;3;5;3;4;4;4;4;4;4;4;4;5;2
10396097364;1;1;1;600;4;4;4;5;2;3;4;3;4;3;4;1;4;4;5;5;4;4;4;3;4;2;5;5;5;4
10396096495;1;0;1;600;4;4;5;5;4;4;4;4;4;4;4;4;4;4;4;3;4;4;4;4;4;4;4;4;4;4
10396096186;1;1;1;1080;5;4;5;4;4;4;4;3;4;3;4;5;5;5;5;3;4;3;4;5;4;4;4;5;5;4
10396096010;1;1;1;1080;4;4;4;3;3;4;3;2;4;4;4;3;4;3;4;2;4;4;4;3;3;3;5;4;4;4
10396094436;1;1;1;1080;4;5;5;4;3;5;4;3;5;4;5;3;4;3;5;4;4;5;5;4;5;4;5;4;4;3
10396093765;1;1;1;600;4;4;5;5;3;5;4;3;4;4;5;4;4;3;5;4;4;4;4;4;4;4;4;4;4;4
10396093501;1;1;1;2160;3;1;2;2;2;5;4;2;3;3;4;2;2;2;4;2;2;2;5;2;3;3;3;2;5;2
10396091570;1;1;1;720;4;4;5;5;3;5;4;5;4;4;5;3;4;4;5;3;4;4;4;4;4;5;3;4;3;5
10396090284;1;1;1;780;4;3;3;5;3;5;5;3;2;4;3;3;3;4;4;2;4;3;4;4;3;4;3;2;5;2
10396087437;1;1;1;480;4;4;4;5;4;3;3;3;4;2;4;5;3;4;5;2;2;2;2;3;2;4;5;4;2;3
10396086300;1;1;1;720;5;4;5;4;2;4;4;1;4;5;5;2;1;1;5;5;5;5;5;5;4;4;4;2;4;5
10396085987;1;1;1;660;4;3;5;4;4;4;3;3;4;3;4;4;4;4;5;3;3;3;3;4;4;4;5;5;4;3
10396085971;1;1;1;720;1;3;4;5;2;2;3;2;1;2;1;2;2;2;4;2;2;2;2;3;3;2;5;3;5;3
10396084844;1;1;1;1020;5;5;5;5;4;4;3;3;4;4;4;3;3;3;5;3;4;4;4;3;4;3;4;3;4;5
10396084760;1;1;1;1500;4;4;5;5;4;3;3;4;4;3;5;3;4;3;4;3;4;4;4;3;4;4;4;4;4;4
10396084178;1;1;1;660;4;3;4;5;4;5;4;4;4;3;4;4;4;3;4;3;4;4;4;4;4;4;4;4;4;5
10396083984;1;1;1;780;4;4;4;5;3;5;3;2;4;3;3;3;4;4;2;4;2;3;4;2;2;3;5;5;5;3
10396082969;1;1;1;480;5;5;4;4;5;4;5;3;4;4;5;5;4;4;5;4;4;4;4;4;3;4;2;5;5;4
10396082437;NA;1;1;1020;4;4;5;4;3;4;4;3;3;4;4;3;4;4;5;4;4;4;4;4;4;4;4;4;4;5
10396082223;1;1;1;840;4;4;5;5;3;3;4;2;4;5;4;3;4;2;4;4;4;3;4;3;4;4;4;4;4;4
10396081437;1;1;1;1080;2;1;5;5;3;2;2;3;3;3;3;3;3;3;4;5;2;3;2;3;5;3;5;5;5;4
10396081392;1;1;1;1080;3;3;2;2;3;2;3;3;2;3;2;3;3;3;4;3;3;3;3;4;2;3;3;4;4;3
10396081135;1;1;0;840;3;2;5;5;2;3;3;1;3;3;1;2;4;2;2;4;4;4;NA;3;3;4;4;4;2;4
10396080885;1;1;1;3660;4;3;4;5;3;3;3;2;3;3;4;4;4;2;5;4;4;4;4;5;3;5;5;4;5;4
10396080213;1;1;1;480;3;3;4;3;3;3;3;2;3;3;2;2;3;3;4;3;3;3;3;3;3;3;2;4;4;3
10396079530;1;1;1;960;4;4;3;3;3;4;4;3;4;4;4;3;4;3;4;4;4;4;4;4;3;4;4;4;4;4
10396079372;1;1;1;1020;4;4;5;1;5;5;3;2;4;5;5;5;5;5;5;2;5;5;5;4;5;5;3;3;3;5
10396079190;1;1;1;1140;4;4;5;4;4;4;4;4;4;4;4;4;4;4;5;2;4;5;4;4;4;4;4;4;5;4
10396078054;1;1;1;600;5;4;4;4;4;4;4;3;4;4;4;5;5;5;4;4;4;4;4;4;3;4;4;4;4;5
10396078033;1;1;1;900;4;4;4;5;3;4;4;3;4;3;4;3;4;4;4;4;3;4;4;4;3;4;4;4;4;4
10396078021;1;1;1;840;4;4;5;5;4;5;4;3;4;4;4;4;5;4;4;5;4;4;5;4;5;4;3;5;3;4
10396077737;1;1;1;660;3;3;5;4;3;4;3;2;3;3;3;3;3;3;4;4;3;2;3;3;3;3;3;4;4;4
10396077492;1;1;1;1140;3;5;4;1;3;3;3;3;4;3;2;3;4;4;5;4;4;3;3;3;2;3;5;5;5;2
10396074714;1;1;1;480;4;4;5;5;4;4;4;3;4;5;4;4;4;4;5;3;4;4;4;4;4;5;4;4;4;5
10396074503;1;1;1;720;4;4;5;5;4;4;4;3;3;5;5;3;4;4;4;5;5;4;4;5;5;4;4;4;5;5
10396074107;1;1;1;1380;3;4;4;4;2;4;3;3;2;4;4;1;3;3;5;2;4;4;4;4;3;3;NA;2;4;4
10396073909;1;1;1;420;3;5;4;5;2;1;4;4;2;3;5;3;4;2;5;3;4;4;4;2;3;2;2;3;4;2
10396073090;1;1;1;660;3;3;3;4;3;4;4;3;3;4;4;2;5;3;4;4;4;4;4;3;3;2;3;2;2;3
10396072260;1;1;1;1020;4;4;5;5;4;4;4;4;4;4;5;5;5;4;5;4;4;4;4;4;4;4;4;4;4;5
10396072161;1;1;1;780;4;4;4;5;3;4;4;4;5;4;4;5;5;4;5;3;4;4;4;4;3;5;4;4;4;3
10396070825;1;1;1;540;2;1;5;5;4;5;1;3;4;3;3;3;2;2;2;2;2;3;3;2;2;5;5;5;5;4
10396069123;1;1;1;840;3;4;5;5;2;2;2;1;2;2;3;3;3;3;5;2;3;5;2;5;5;5;5;5;5;3
10396067219;1;1;1;480;3;3;3;3;3;3;3;3;3;3;3;1;2;2;2;2;2;2;2;2;4;2;4;2;2;4
10396067112;1;1;1;720;3;3;4;5;3;2;3;3;4;2;3;2;4;3;4;3;3;3;2;3;3;5;2;3;3;1
10396066935;1;1;1;600;5;5;5;5;3;5;3;4;4;3;3;1;5;4;5;4;3;2;3;4;3;3;4;2;3;4
10396066563;1;NA;NA;780;4;4;4;4;4;4;4;4;4;4;4;4;4;4;4;3;4;4;4;4;3;4;4;4;4;4
10396066139;1;1;1;720;4;3;2;3;3;4;3;3;2;4;4;3;3;4;4;2;3;4;3;3;3;3;4;3;4;3
10396065762;1;1;1;1020;4;4;4;4;NA;3;3;4;4;3;4;4;3;4;5;4;3;3;4;4;4;3;5;2;2;4
10396065695;1;1;1;780;4;4;3;3;4;4;3;4;3;3;3;3;4;4;4;4;3;3;4;4;4;3;4;4;4;4
10396065492;1;1;1;780;4;4;5;4;NA;4;3;2;3;3;4;4;4;4;5;4;4;3;4;4;4;4;2;4;2;3
10396065075;1;1;1;780;4;4;5;5;2;2;3;3;4;3;2;2;4;4;5;2;3;2;2;3;2;2;3;5;2;4
10396063740;1;1;1;540;4;3;5;5;2;1;3;3;NA;2;5;1;3;1;5;3;2;2;2;3;5;3;3;3;3;4
10396063392;1;1;1;1306320;4;3;4;2;3;4;3;3;3;3;2;3;2;2;4;3;3;3;2;3;2;2;4;4;4;4
10396062464;1;1;1;720;5;4;4;4;4;5;5;3;4;4;4;5;5;5;5;4;5;4;4;4;4;4;5;5;5;4
10396062448;1;1;1;720;4;4;5;4;3;5;5;3;4;5;5;3;5;3;5;4;4;4;4;4;4;4;4;4;4;5
10396059816;1;1;1;1200;4;4;5;5;4;4;4;2;2;4;4;3;3;3;4;4;4;4;4;4;4;4;4;2;3;5
10396059310;1;1;1;660;5;5;5;5;4;5;3;1;3;5;5;5;4;4;5;4;5;5;5;4;3;4;4;2;2;5
10396059245;1;1;1;900;4;4;5;5;3;4;4;3;4;4;4;4;3;3;5;4;4;4;4;4;4;4;4;3;4;4
10396058490;1;1;1;840;4;4;5;5;3;4;2;2;4;3;2;3;4;4;5;3;4;4;4;4;4;4;2;2;2;4
10396057429;1;1;1;2100;4;4;5;4;4;5;5;4;4;5;5;4;5;5;5;5;5;5;5;5;5;5;5;5;5;5
10396057297;1;1;1;540;3;4;5;5;3;4;5;3;3;5;5;3;4;3;5;5;5;5;5;4;3;3;4;2;4;5
10396057051;1;1;1;900;4;4;5;5;4;5;5;4;4;4;5;4;5;4;5;5;5;5;5;5;5;5;5;3;5;5
10396056966;1;1;1;4020;4;4;5;5;3;2;3;1;4;2;3;4;5;4;5;5;4;5;4;4;3;5;4;5;5;2
10396056948;1;1;1;900;5;4;4;4;4;5;4;3;4;4;4;4;5;5;5;4;4;5;4;3;5;4;5;5;5;4
10396056865;1;1;1;2040;2;4;3;2;2;4;3;2;1;3;5;2;4;2;4;2;4;4;4;3;2;4;5;4;2;4
10396056582;1;1;1;12180;1;3;4;4;1;3;3;1;1;2;4;3;2;2;5;2;2;2;2;2;3;2;4;2;4;3
10396056433;1;1;1;540;3;4;5;5;4;3;4;3;3;4;3;3;4;4;5;4;4;4;4;3;2;2;4;4;4;5
10396055782;1;1;1;780;4;4;5;4;3;4;4;3;2;3;4;4;4;4;5;2;4;4;4;3;2;2;4;4;4;4
10396055726;1;1;1;660;3;3;4;5;2;2;2;1;3;3;2;3;2;2;1;3;3;2;3;2;3;2;2;2;5;4
10396054205;1;1;1;900;4;3;3;4;3;4;3;3;4;4;4;3;4;2;3;4;4;4;4;3;3;4;5;4;4;5
10396053102;1;1;1;660;4;4;4;4;3;5;5;4;4;4;5;4;5;3;5;4;4;4;4;4;4;3;5;5;4;4
10396051923;1;1;1;1020;4;4;4;4;2;2;1;2;3;2;3;5;5;3;4;4;2;2;2;3;3;2;2;4;2;4
10396051681;1;1;1;1260;5;5;4;4;4;4;4;3;3;5;5;5;5;5;4;4;5;5;5;3;4;5;5;2;2;5
10396050434;1;1;1;780;5;5;5;1;4;4;5;5;4;4;3;5;5;5;5;4;4;5;5;5;3;5;5;3;4;5
10396050227;1;1;1;780;4;4;5;5;4;5;4;3;4;3;4;4;4;3;5;3;4;4;4;4;4;4;4;2;3;4
10396049349;1;1;1;720;3;4;4;5;3;3;3;3;3;3;3;4;3;3;5;3;3;4;3;3;3;3;3;3;3;4
10396049225;1;1;1;540;5;3;5;4;4;4;5;3;5;3;5;3;3;3;4;2;4;4;4;4;3;4;4;4;4;4
10396048593;1;1;1;900;4;4;5;5;4;4;3;3;4;3;3;3;3;2;3;4;3;3;3;5;3;5;4;5;2;4
10396047202;1;1;1;540;4;4;5;5;4;4;4;3;3;4;4;3;3;3;5;NA;4;4;4;3;4;3;3;3;3;4
10396044196;1;1;1;780;5;5;3;1;4;3;2;3;2;2;3;4;5;5;4;2;4;5;2;3;5;5;4;5;4;1
10396043853;1;1;1;720;4;4;5;5;3;3;4;2;4;4;4;3;3;3;5;2;4;4;4;2;4;3;4;4;3;3
10396043212;1;1;1;840;4;4;5;5;4;4;3;1;3;4;4;2;3;4;5;4;5;4;4;4;3;3;4;3;3;4
10396042979;1;1;1;1680;4;4;5;4;4;5;4;4;3;4;5;5;5;3;5;4;5;5;5;5;5;5;5;5;5;5
10396042789;1;1;1;660;4;4;5;4;3;3;3;3;4;3;5;3;4;4;5;2;2;3;2;4;4;4;4;4;4;3
10396042429;1;1;1;540;5;5;5;5;4;4;5;4;4;4;4;3;5;5;5;2;4;4;5;3;2;3;5;5;4;4
10396041756;1;1;1;1140;3;2;3;3;2;2;2;1;3;3;3;2;4;2;4;4;4;2;3;3;5;2;4;3;4;4
10396039559;1;1;1;540;4;4;4;4;3;4;4;3;4;3;4;4;4;4;5;3;4;4;4;4;4;4;5;5;5;4
10396038919;1;1;1;1260;1;2;3;4;2;5;2;1;2;3;3;1;4;2;3;3;5;2;5;3;2;3;2;5;2;2
10396038764;1;1;1;1080;4;4;4;5;4;5;4;3;3;4;4;4;4;4;5;4;4;4;4;4;2;5;4;4;4;4
10396037862;1;1;1;1020;3;5;5;5;3;4;4;3;4;5;4;5;5;5;5;4;4;3;4;3;2;2;3;3;4;4
10396037731;1;1;1;840;4;4;5;5;4;4;4;4;4;4;4;4;5;5;5;4;4;4;4;4;2;4;5;5;5;4
10396035583;1;1;1;5820;5;5;5;5;4;5;4;3;4;5;5;5;5;3;5;4;5;5;5;4;5;4;5;5;4;5
10396035551;1;1;1;780;3;3;4;5;1;4;3;2;2;2;3;1;3;2;5;2;3;3;3;2;2;3;5;2;5;4
10396035514;1;1;1;600;2;3;5;5;4;3;1;1;3;1;1;1;3;4;1;2;3;2;2;2;4;3;5;5;5;3
10396035303;1;1;1;960;4;3;4;4;4;5;3;NA;NA;4;4;4;5;3;5;5;5;4;4;5;4;4;5;4;5;4
10396035228;1;1;1;840;4;3;3;4;4;3;3;3;4;3;3;4;5;5;4;2;3;3;4;3;3;4;5;5;5;2
10396034890;1;1;1;840;4;4;4;4;4;4;4;2;3;4;3;3;4;5;5;2;4;4;3;4;4;4;4;5;5;2
10396033703;1;1;1;660;4;3;4;2;4;4;4;4;5;3;2;5;2;3;5;3;4;5;4;2;5;2;5;4;5;4
10396031418;1;1;1;780;4;4;4;4;3;4;4;4;4;3;4;3;4;3;4;2;3;3;3;4;3;4;5;4;4;4
10396031254;1;0;1;840;2;4;4;4;3;3;2;3;4;3;3;3;4;3;5;3;2;3;4;2;2;4;4;2;5;4
10396030818;1;1;1;480;3;2;5;2;3;2;NA;1;2;2;4;3;2;3;5;2;2;3;3;2;3;4;4;4;3;4
10396029493;1;1;1;900;5;4;5;5;3;3;5;4;3;5;4;3;4;4;4;4;4;4;3;3;2;3;2;3;3;3
10396028846;1;1;1;600;4;3;3;4;4;1;3;4;3;5;3;4;4;5;4;5;4;4;2;3;3;2;5;5;5;2
10396028762;1;1;1;540;4;3;5;3;3;3;3;3;3;3;3;3;3;3;4;3;4;4;3;3;3;2;2;2;3;4
10396025445;1;1;1;660;NA;4;5;5;3;4;4;2;1;4;4;3;4;4;5;4;4;4;4;2;2;2;4;4;4;4
10396019740;1;1;1;480;5;5;5;5;3;3;4;2;5;4;4;4;4;3;4;5;4;4;3;5;5;5;5;3;4;4
10390531999;1;1;1;900;4;4;4;4;3;3;4;2;2;3;3;4;4;3;4;4;3;4;3;3;3;3;3;4;4;4
10390124497;1;1;1;1080;4;4;5;5;3;4;4;3;4;4;5;3;4;3;5;4;5;4;4;4;4;3;4;4;4;5
10389989096;1;1;1;1140;4;3;5;4;3;4;3;3;3;4;4;3;4;3;5;4;4;3;4;3;2;3;3;2;2;4
10389557801;1;1;1;780;4;4;3;4;4;4;4;4;3;4;4;3;4;3;4;3;3;4;4;4;4;4;5;4;4;4
10388538781;1;1;1;660;4;4;5;4;4;1;5;4;4;4;4;4;5;4;5;2;4;5;4;4;2;4;5;4;5;4
10388424028;1;1;1;660;4;4;4;5;3;4;4;1;4;4;3;5;5;4;5;3;4;4;4;4;4;4;4;4;4;4
10388405500;1;1;1;420;5;4;5;5;5;5;4;3;5;5;4;5;5;4;5;5;5;5;5;5;4;5;5;5;5;5
10388363907;1;1;1;660;4;4;5;5;4;5;4;2;3;4;4;3;5;4;4;4;4;4;4;4;4;4;4;4;4;5
10388360876;1;1;1;600;4;4;5;4;3;4;5;3;3;5;3;4;4;3;5;3;4;4;4;3;4;3;4;4;3;4
10384259442;1;1;1;780;4;4;4;5;3;3;3;3;3;3;4;5;4;3;4;4;2;4;3;2;2;5;4;4;4;3
10375742807;1;1;1;540;4;4;3;3;4;4;4;3;4;3;3;4;4;4;4;4;4;4;4;3;4;4;4;4;4;3
10375739729;1;1;1;660;4;4;4;5;4;5;4;3;4;4;5;4;5;4;5;4;5;5;5;4;4;4;4;5;5;5
10375628791;1;1;1;2400;4;2;2;2;3;3;3;4;4;2;3;2;4;1;1;3;2;2;2;2;5;2;4;5;5;1
10375578789;1;1;1;2520;5;5;5;5;5;5;4;4;4;4;4;4;4;4;5;5;5;5;5;5;4;5;5;4;5;5
10373863411;1;1;1;1020;4;2;4;2;2;4;4;4;3;3;4;3;5;4;4;5;3;3;3;3;2;3;5;5;4;3
10373810642;1;1;1;600;2;2;4;4;2;2;2;1;1;3;4;1;2;1;4;2;2;2;2;2;5;5;5;5;2;2
10373708588;1;1;1;1080;4;4;5;4;4;5;4;5;2;5;5;3;4;4;5;4;5;5;5;5;5;4;5;2;2;5
10373365203;1;1;1;2700;4;4;4;2;4;5;4;4;3;5;3;5;4;3;4;5;4;3;5;4;3;4;4;3;4;4
10373104816;1;1;1;3420;4;NA;5;4;3;4;4;3;4;4;4;3;4;3;3;4;4;3;4;3;4;3;2;4;4;4
10372770150;1;1;1;540;3;2;3;2;2;3;2;2;2;2;5;1;2;3;5;3;2;2;2;2;5;2;2;3;2;2
10372659706;1;1;1;1020;4;4;4;3;2;4;2;2;3;3;3;1;3;2;2;2;3;4;3;3;2;3;4;2;3;1
10372617149;1;1;1;780;4;4;5;4;1;2;5;4;5;4;2;3;2;2;5;2;3;4;2;2;2;2;5;3;2;4
10372612929;1;1;1;900;4;3;4;4;4;3;3;3;3;3;4;3;4;5;4;4;3;3;4;3;3;2;5;2;4;3
10372559741;1;1;1;1500;4;5;5;4;4;4;4;4;2;5;5;1;1;1;5;5;5;5;5;5;5;5;4;5;4;5
