ID;criterio;valor;detalhe
10439125905;abandono;NA;Sem respostas válidas em Q1-Q26
10439033965;abandono;NA;Sem respostas válidas em Q1-Q26
10438787754;abandono;NA;Sem respostas válidas em Q1-Q26
10438718335;abandono;NA;Sem respostas válidas em Q1-Q26
10438355684;abandono;NA;Sem respostas válidas em Q1-Q26
10437302815;abandono;NA;Sem respostas válidas em Q1-Q26
10436259946;abandono;NA;Sem respostas válidas em Q1-Q26
10435354790;abandono;NA;Sem respostas válidas em Q1-Q26
10435076882;abandono;NA;Sem respostas válidas em Q1-Q26
10434378290;abandono;NA;Sem respostas válidas em Q1-Q26
10434011916;abandono;NA;Sem respostas válidas em Q1-Q26
10432760576;abandono;NA;Sem respostas válidas em Q1-Q26
10432686274;abandono;NA;Sem respostas válidas em Q1-Q26
10432642687;abandono;NA;Sem respostas válidas em Q1-Q26
10432514024;abandono;NA;Sem respostas válidas em Q1-Q26
10432086225;abandono;NA;Sem respostas válidas em Q1-Q26
10431807009;abandono;NA;Sem respostas válidas em Q1-Q26
10431679588;abandono;NA;Sem respostas válidas em Q1-Q26
10431649056;abandono;NA;Sem respostas válidas em Q1-Q26
10431628748;abandono;NA;Sem respostas válidas em Q1-Q26
10431621098;abandono;NA;Sem respostas válidas em Q1-Q26
10431479066;abandono;NA;Sem respostas válidas em Q1-Q26
10430822992;abandono;NA;Sem respostas válidas em Q1-Q26
10430807552;abandono;NA;Sem respostas válidas em Q1-Q26
10430781884;abandono;NA;Sem respostas válidas em Q1-Q26
10430765934;abandono;NA;Sem respostas válidas em Q1-Q26
10430668381;abandono;NA;Sem respostas válidas em Q1-Q26
10430636140;abandono;NA;Sem respostas válidas em Q1-Q26
10430625361;abandono;NA;Sem respostas válidas em Q1-Q26
10430513711;abandono;NA;Sem respostas válidas em Q1-Q26
10430497954;abandono;NA;Sem respostas válidas em Q1-Q26
10430495428;abandono;NA;Sem respostas válidas em Q1-Q26
10430491603;abandono;NA;Sem respostas válidas em Q1-Q26
10430481591;abandono;NA;Sem respostas válidas em Q1-Q26
10430477352;abandono;NA;Sem respostas válidas em Q1-Q26
10430472966;abandono;NA;Sem respostas válidas em Q1-Q26
10430470398;abandono;NA;Sem respostas válidas em Q1-Q26
10430461434;abandono;NA;Sem respostas válidas em Q1-Q26
10430428393;abandono;NA;Sem respostas válidas em Q1-Q26
10430422987;abandono;NA;Sem respostas válidas em Q1-Q26
10430418442;abandono;NA;Sem respostas válidas em Q1-Q26
10430374265;abandono;NA;Sem respostas válidas em Q1-Q26
10430371839;abandono;NA;Sem respostas válidas em Q1-Q26
10430368787;abandono;NA;Sem respostas válidas em Q1-Q26
10430349137;abandono;NA;Sem respostas válidas em Q1-Q26
10430334222;abandono;NA;Sem respostas válidas em Q1-Q26
10425164458;abandono;NA;Sem respostas válidas em Q1-Q26
10424812110;abandono;NA;Sem respostas válidas em Q1-Q26
10424521530;abandono;NA;Sem respostas válidas em Q1-Q26
10424277407;abandono;NA;Sem respostas válidas em Q1-Q26
10423880820;abandono;NA;Sem respostas válidas em Q1-Q26
10423838980;abandono;NA;Sem respostas válidas em Q1-Q26
10423771228;abandono;NA;Sem respostas válidas em Q1-Q26
10423594831;abandono;NA;Sem respostas válidas em Q1-Q26
10422976941;abandono;NA;Sem respostas válidas em Q1-Q26
10422795913;abandono;NA;Sem respostas válidas em Q1-Q26
10422620215;abandono;NA;Sem respostas válidas em Q1-Q26
10422113972;abandono;NA;Sem respostas válidas em Q1-Q26
10421838454;abandono;NA;Sem respostas válidas em Q1-Q26
10421838271;abandono;NA;Sem respostas válidas em Q1-Q26
10421831445;abandono;NA;Sem respostas válidas em Q1-Q26
10421734542;abandono;NA;Sem respostas válidas em Q1-Q26
10421692642;abandono;NA;Sem respostas válidas em Q1-Q26
10421644324;abandono;NA;Sem respostas válidas em Q1-Q26
10421431968;abandono;NA;Sem respostas válidas em Q1-Q26
10421353049;abandono;NA;Sem respostas válidas em Q1-Q26
10421328630;abandono;NA;Sem respostas válidas em Q1-Q26
10421285249;abandono;NA;Sem respostas válidas em Q1-Q26
10420970469;abandono;NA;Sem respostas válidas em Q1-Q26
10420911936;abandono;NA;Sem respostas válidas em Q1-Q26
10420874476;abandono;NA;Sem respostas válidas em Q1-Q26
10420789957;abandono;NA;Sem respostas válidas em Q1-Q26
10420761304;abandono;NA;Sem respostas válidas em Q1-Q26
10420723342;abandono;NA;Sem respostas válidas em Q1-Q26
10420650808;abandono;NA;Sem respostas válidas em Q1-Q26
10420574640;abandono;NA;Sem respostas válidas em Q1-Q26
10420545532;abandono;NA;Sem respostas válidas em Q1-Q26
10420545149;abandono;NA;Sem respostas válidas em Q1-Q26
10420539751;abandono;NA;Sem respostas válidas em Q1-Q26
10420512407;abandono;NA;Sem respostas válidas em Q1-Q26
10420493410;abandono;NA;Sem respostas válidas em Q1-Q26
10420487982;abandono;NA;Sem respostas válidas em Q1-Q26
10420374785;abandono;NA;Sem respostas válidas em Q1-Q26
10420371262;abandono;NA;Sem respostas válidas em Q1-Q26
10420357053;abandono;NA;Sem respostas válidas em Q1-Q26
10420356329;abandono;NA;Sem respostas válidas em Q1-Q26
10420323072;abandono;NA;Sem respostas válidas em Q1-Q26
10420320227;abandono;NA;Sem respostas válidas em Q1-Q26
10420308109;abandono;NA;Sem respostas válidas em Q1-Q26
10420297214;abandono;NA;Sem respostas válidas em Q1-Q26
10420257025;abandono;NA;Sem respostas válidas em Q1-Q26
10420255448;abandono;NA;Sem respostas válidas em Q1-Q26
10420240860;abandono;NA;Sem respostas válidas em Q1-Q26
10420218798;abandono;NA;Sem respostas válidas em Q1-Q26
10420213624;abandono;NA;Sem respostas válidas em Q1-Q26
10420187874;abandono;NA;Sem respostas válidas em Q1-Q26
10420159043;abandono;NA;Sem respostas válidas em Q1-Q26
10420141648;abandono;NA;Sem respostas válidas em Q1-Q26
10420138480;abandono;NA;Sem respostas válidas em Q1-Q26
10420131119;abandono;NA;Sem respostas válidas em Q1-Q26
10420122006;abandono;NA;Sem respostas válidas em Q1-Q26
10420121026;abandono;NA;Sem respostas válidas em Q1-Q26
10420117769;abandono;NA;Sem respostas válidas em Q1-Q26
10420114635;abandono;NA;Sem respostas válidas em Q1-Q26
10420104041;abandono;NA;Sem respostas válidas em Q1-Q26
10420100657;abandono;NA;Sem respostas válidas em Q1-Q26
10420099305;abandono;NA;Sem respostas válidas em Q1-Q26
10420098738;abandono;NA;Sem respostas válidas em Q1-Q26
10420093235;abandono;NA;Sem respostas válidas em Q1-Q26
10420088169;abandono;NA;Sem respostas válidas em Q1-Q26
10420084662;abandono;NA;Sem respostas válidas em Q1-Q26
10420078480;abandono;NA;Sem respostas válidas em Q1-Q26
10420077333;abandono;NA;Sem respostas válidas em Q1-Q26
10420072635;abandono;NA;Sem respostas válidas em Q1-Q26
10420069669;abandono;NA;Sem respostas válidas em Q1-Q26
10420069217;abandono;NA;Sem respostas válidas em Q1-Q26
10420064208;abandono;NA;Sem respostas válidas em Q1-Q26
10420059119;abandono;NA;Sem respostas válidas em Q1-Q26
10420056075;abandono;NA;Sem respostas válidas em Q1-Q26
10420053505;abandono;NA;Sem respostas válidas em Q1-Q26
10420047263;abandono;NA;Sem respostas válidas em Q1-Q26
10416885309;abandono;NA;Sem respostas válidas em Q1-Q26
10414980197;abandono;NA;Sem respostas válidas em Q1-Q26
10414708736;abandono;NA;Sem respostas válidas em Q1-Q26
10413224690;abandono;NA;Sem respostas válidas em Q1-Q26
10411759694;abandono;NA;Sem respostas válidas em Q1-Q26
10410129189;abandono;NA;Sem respostas válidas em Q1-Q26
10409250535;abandono;NA;Sem respostas válidas em Q1-Q26
10408441238;abandono;NA;Sem respostas válidas em Q1-Q26
10406909426;abandono;NA;Sem respostas válidas em Q1-Q26
10406049401;abandono;NA;Sem respostas válidas em Q1-Q26
10405073507;abandono;NA;Sem respostas válidas em Q1-Q26
10401798412;abandono;NA;Sem respostas válidas em Q1-Q26
10401087832;abandono;NA;Sem respostas válidas em Q1-Q26
10401023863;abandono;NA;Sem respostas válidas em Q1-Q26
10401008003;abandono;NA;Sem respostas válidas em Q1-Q26
10400933467;abandono;NA;Sem respostas válidas em Q1-Q26
10400890335;abandono;NA;Sem respostas válidas em Q1-Q26
10399843773;abandono;NA;Sem respostas válidas em Q1-Q26
10399537113;abandono;NA;Sem respostas válidas em Q1-Q26
10399325814;abandono;NA;Sem respostas válidas em Q1-Q26
10399267345;abandono;NA;Sem respostas válidas em Q1-Q26
10399135413;abandono;NA;Sem respostas válidas em Q1-Q26
10399006225;abandono;NA;Sem respostas válidas em Q1-Q26
10398801966;abandono;NA;Sem respostas válidas em Q1-Q26
10398617908;abandono;NA;Sem respostas válidas em Q1-Q26
10398536434;abandono;NA;Sem respostas válidas em Q1-Q26
10398505794;abandono;NA;Sem respostas válidas em Q1-Q26
10398406368;abandono;NA;Sem respostas válidas em Q1-Q26
10398075010;abandono;NA;Sem respostas válidas em Q1-Q26
10397802959;abandono;NA;Sem respostas válidas em Q1-Q26
10397178879;abandono;NA;Sem respostas válidas em Q1-Q26
10397115674;abandono;NA;Sem respostas válidas em Q1-Q26
10397050271;abandono;NA;Sem respostas válidas em Q1-Q26
10397029406;abandono;NA;Sem respostas válidas em Q1-Q26
10396966894;abandono;NA;Sem respostas válidas em Q1-Q26
10396949049;abandono;NA;Sem respostas válidas em Q1-Q26
10396934305;abandono;NA;Sem respostas válidas em Q1-Q26
10396927498;abandono;NA;Sem respostas válidas em Q1-Q26
10396891056;abandono;NA;Sem respostas válidas em Q1-Q26
10396862235;abandono;NA;Sem respostas válidas em Q1-Q26
10396857315;abandono;NA;Sem respostas válidas em Q1-Q26
10396777426;abandono;NA;Sem respostas válidas em Q1-Q26
10396774848;abandono;NA;Sem respostas válidas em Q1-Q26
10396767377;abandono;NA;Sem respostas válidas em Q1-Q26
10396738003;abandono;NA;Sem respostas válidas em Q1-Q26
10396722542;abandono;NA;Sem respostas válidas em Q1-Q26
10396683246;abandono;NA;Sem respostas válidas em Q1-Q26
10396593780;abandono;NA;Sem respostas válidas em Q1-Q26
10396577423;abandono;NA;Sem respostas válidas em Q1-Q26
10396566777;abandono;NA;Sem respostas válidas em Q1-Q26
10396554555;abandono;NA;Sem respostas válidas em Q1-Q26
10396474957;abandono;NA;Sem respostas válidas em Q1-Q26
10396399838;abandono;NA;Sem respostas válidas em Q1-Q26
10396396066;abandono;NA;Sem respostas válidas em Q1-Q26
10396339214;abandono;NA;Sem respostas válidas em Q1-Q26
10396300749;abandono;NA;Sem respostas válidas em Q1-Q26
10396297713;abandono;NA;Sem respostas válidas em Q1-Q26
10396268119;abandono;NA;Sem respostas válidas em Q1-Q26
10396253850;abandono;NA;Sem respostas válidas em Q1-Q26
10396236036;abandono;NA;Sem respostas válidas em Q1-Q26
10396231038;abandono;NA;Sem respostas válidas em Q1-Q26
10396221611;abandono;NA;Sem respostas válidas em Q1-Q26
10396214208;abandono;NA;Sem respostas válidas em Q1-Q26
10396201628;abandono;NA;Sem respostas válidas em Q1-Q26
10396200306;abandono;NA;Sem respostas válidas em Q1-Q26
10396199352;abandono;NA;Sem respostas válidas em Q1-Q26
10396199347;abandono;NA;Sem respostas válidas em Q1-Q26
10396198463;abandono;NA;Sem respostas válidas em Q1-Q26
10396167665;abandono;NA;Sem respostas válidas em Q1-Q26
10396130952;abandono;NA;Sem respostas válidas em Q1-Q26
10396118854;abandono;NA;Sem respostas válidas em Q1-Q26
10396115878;abandono;NA;Sem respostas válidas em Q1-Q26
10396108400;abandono;NA;Sem respostas válidas em Q1-Q26
10396102352;abandono;NA;Sem respostas válidas em Q1-Q26
10396100093;abandono;NA;Sem respostas válidas em Q1-Q26
10396092657;abandono;NA;Sem respostas válidas em Q1-Q26
10396074274;abandono;NA;Sem respostas válidas em Q1-Q26
10396072210;abandono;NA;Sem respostas válidas em Q1-Q26
10396067035;abandono;NA;Sem respostas válidas em Q1-Q26
10396066732;abandono;NA;Sem respostas válidas em Q1-Q26
10396065905;abandono;NA;Sem respostas válidas em Q1-Q26
10396060797;abandono;NA;Sem respostas válidas em Q1-Q26
10396058166;abandono;NA;Sem respostas válidas em Q1-Q26
10396056772;abandono;NA;Sem respostas válidas em Q1-Q26
10396056258;abandono;NA;Sem respostas válidas em Q1-Q26
10396055145;abandono;NA;Sem respostas válidas em Q1-Q26
10396040630;abandono;NA;Sem respostas válidas em Q1-Q26
10396039986;abandono;NA;Sem respostas válidas em Q1-Q26
10396038673;abandono;NA;Sem respostas válidas em Q1-Q26
10396033114;abandono;NA;Sem respostas válidas em Q1-Q26
10396030439;abandono;NA;Sem respostas válidas em Q1-Q26
10391151287;abandono;NA;Sem respostas válidas em Q1-Q26
10388372669;abandono;NA;Sem respostas válidas em Q1-Q26
10388365944;abandono;NA;Sem respostas válidas em Q1-Q26
10381983851;abandono;NA;Sem respostas válidas em Q1-Q26
10375463638;abandono;NA;Sem respostas válidas em Q1-Q26
10373410259;abandono;NA;Sem respostas válidas em Q1-Q26
10373287682;abandono;NA;Sem respostas válidas em Q1-Q26
10372831804;abandono;NA;Sem respostas válidas em Q1-Q26
10433720363;cq_falhas;2;Falhas CQ = 2
10431697839;cq_falhas;2;Falhas CQ = 2
10431620977;cq_falhas;2;Falhas CQ = 2
10431585916;cq_falhas;2;Falhas CQ = 2
10430636534;cq_falhas;2;Falhas CQ = 2
10430333119;cq_falhas;2;Falhas CQ = 2
10425137653;cq_falhas;2;Falhas CQ = 2
10421648304;cq_falhas;3;Falhas CQ = 3
10420361867;cq_falhas;2;Falhas CQ = 2
10420334107;cq_falhas;2;Falhas CQ = 2
10420128317;cq_falhas;3;Falhas CQ = 3
10420116506;cq_falhas;2;Falhas CQ = 2
10420073927;cq_falhas;2;Falhas CQ = 2
10420052989;cq_falhas;2;Falhas CQ = 2
10412064535;cq_falhas;2;Falhas CQ = 2
10411192567;cq_falhas;2;Falhas CQ = 2
10398652859;cq_falhas;3;Falhas CQ = 3
10398018740;cq_falhas;2;Falhas CQ = 2
10397847689;cq_falhas;2;Falhas CQ = 2
10397183089;cq_falhas;2;Falhas CQ = 2
10396762951;cq_falhas;2;Falhas CQ = 2
10396633032;cq_falhas;2;Falhas CQ = 2
10396127252;cq_falhas;3;Falhas CQ = 3
10396116188;cq_falhas;3;Falhas CQ = 3
10396077748;cq_falhas;2;Falhas CQ = 2
10396067386;cq_falhas;2;Falhas CQ = 2
10376702812;cq_falhas;2;Falhas CQ = 2
10372568914;cq_falhas;3;Falhas CQ = 3
